"","sample_name","Number","BarcodeSequence","LinkerPrimerSequence","ReverseBarcode","ReversePrimerSequence","X16S_primer_mix","forward_primer","reverse_primer","primer_combo","Plate","Final_Qubit","Normalized_sample_volume","ARTEMIS","Station","Event","CTD_cast","Bottle_No","Date","Latitude","Longitude","Salinity","Temperature","CTD_Depth","Depth","Filter_volume","Filter_size","Filter_type","Filter_pores","Lab_NO3","Lab_PO4","Lab_NO2","Lab_NH4","Oxygen","Sb_Oxygen","Par","Chl_a","DOC","FlECO.AFL","Iron","Iron_Level","Depth_Threshold","More_Depth_Threshold","watertype","Flow_of_CDW","Location","Sample.Control","Replicate_Number","Pos_in_polynya","Siderophore","True_Flow","Coastal_Current_Name","Coastal_Current_Number","Transect_Name","Transect_Number","Notes"
"002_517_PRE","STN002.517.pre.poly.3.LG",1,"GCTAGCCTTCGTCGC","TATGGTAATTGTGTGYCAGCMGCCGCGGTAA","GATCGGGACACCCGA","AGTCAGCCAGCCGGACTACNVGGGTWTCTAAT","16S_1","515rcbc0","806RB_bc25","16S_F0_R25","PLATE 1",19,4,"ART2025","STN002","45","CTD005","1","1/15/22","-72.2","-117.69","34.66","0.93","516.81","517","7","293","polycarbonate","3","33.62","2.26","0.02","0.27","7.84","4.52","0",NA,43.4,"0.37",0.42,"Low","Bottom_water","Bottom","CDW","Open_polynya","Open_polynya","True.Sample",NA,NA,NA,NA,NA,NA,"transect1",2,"mCDW / Tmax"
"002_200_PRE","STN002.200.pre.poly.3.LG",4,"GCTAGCCTTCGTCGC","TATGGTAATTGTGTGYCAGCMGCCGCGGTAA","GATCGTTTGGAATGA","AGTCAGCCAGCCGGACTACNVGGGTWTCTAAT","16S_4","515rcbc0","806RB_bc28","16S_F0_R28","PLATE 1",24,4,"ART2033","STN002","45","CTD005","11","1/15/22","-72.2","-117.69","34.13","-1.73","299.7","200","10","293","polycarbonate","3","31.52","2.16","0.04","0.08","8.44","6.47","0",NA,48.7,"0.06",NA,NA,"Intermediate","Mid","WW","Open_polynya","Open_polynya","True.Sample",NA,NA,NA,NA,NA,NA,NA,NA,"WW - base of fluor max"
"002_20_PRE","STN002.20.pre.poly.3.LG",7,"GCTAGCCTTCGTCGC","TATGGTAATTGTGTGYCAGCMGCCGCGGTAA","GATCGGTGACCTACT","AGTCAGCCAGCCGGACTACNVGGGTWTCTAAT","16S_7","515rcbc0","806RB_bc31","16S_F0_R31","PLATE 1",26,4,"ART2045","STN002","45","CTD005","21","1/15/22","-72.2","-117.69","33.49","-0.61","19.6","20",NA,"293","polycarbonate","3","9.22","0.87","0.08","0.41","8.23","9.35","1.93","3.95",64.8,"24.95",NA,NA,"Surface","Surface","AASW","Open_polynya","Open_polynya","True.Sample",NA,"Open_polynya_surf",NA,NA,NA,NA,NA,NA,"thick chla layer"
"004_555_PRE","STN004.555.pre.poly.3.LG",11,"GCTTCCATACCGGAA","TATGGTAATTGTGTGYCAGCMGCCGCGGTAA","GATTATGCCAGAGAT","AGTCAGCCAGCCGGACTACNVGGGTWTCTAAT","16S_11","515rcbc1","806RB_bc27","16S_F1_R27","PLATE 1",28,4,"ART2049","STN004","71","CTD008","1","1/16/22","-73.14","-113.95","34.58","0.59","555.32","555","6","293","polycarbonate","3","33.86","2.27","0.03","0.03","7.91","4.56","0",NA,42.2,"0",0.48,"Low","Bottom_water","Bottom","CDW","Open_polynya","Open_polynya","True.Sample",NA,NA,NA,NA,NA,NA,"transect1",3,NA
"004_300_PRE","STN004.300.pre.poly.3.LG",14,"GCTTCCATACCGGAA","TATGGTAATTGTGTGYCAGCMGCCGCGGTAA","GATTGATATCGTCTT","AGTCAGCCAGCCGGACTACNVGGGTWTCTAAT","16S_14","515rcbc1","806RB_bc30","16S_F1_R30","PLATE 1",12,4,"ART2059","STN004","71","CTD008","11","1/16/22","-73.14","-113.95","34.13","-1.8","299.91","300","8","293","polycarbonate","3","31.88","2.15","0.03","0.12","8.45","6.58","0",NA,42,"0.02",NA,NA,"Intermediate","Mid","WW","Open_polynya","Open_polynya","True.Sample",NA,NA,NA,NA,NA,NA,NA,NA,"WW"
"004_30_PRE","STN004.30.pre.poly.3.LG",17,"GCTAGCCCTGCTACA","TATGGTAATTGTGTGYCAGCMGCCGCGGTAA","GATCGGGACACCCGA","AGTCAGCCAGCCGGACTACNVGGGTWTCTAAT","16S_17","515rcbc2","806RB_bc25","16S_F2_R25","PLATE 1",27,4,"ART2069","STN004","71","CTD008","21","1/16/22","-73.14","-113.95","33.88","-0.42","29.77","30","4","293","polycarbonate","3","16.96","1.42","0.07","0.65","8.16","8.63","0.26","6.17",52.9,"24.09",NA,NA,"Surface","Surface","WW-CDW","Open_polynya","Open_polynya","True.Sample",NA,"Open_polynya_surf",NA,NA,NA,NA,NA,NA,NA
"012_730_PRE","STN012.730.pre.poly.3.LG",21,"GCTAGCCCTGCTACA","TATGGTAATTGTGTGYCAGCMGCCGCGGTAA","GATAAGAACTCATGA","AGTCAGCCAGCCGGACTACNVGGGTWTCTAAT","16S_21","515rcbc2","806RB_bc29","16S_F2_R29","PLATE 1",19,4,"ART2073","STN012","107","CTD018","1","1/18/22","-73.8","-112.67","34.57","0.57","729.55","730","8","293","polycarbonate","3","34.11","2.3","0.02","0.13","7.92","4.55","0",NA,40.2,"0.01",1.173,"High","Bottom_water","Bottom","CDW","Open_polynya","Open_polynya","True.Sample",NA,NA,NA,NA,NA,NA,"transect1",4,NA
"012_300_PRE","STN012.300.pre.poly.3.LG",24,"GCTAGCCCTGCTACA","TATGGTAATTGTGTGYCAGCMGCCGCGGTAA","GATAATGCGCGTATA","AGTCAGCCAGCCGGACTACNVGGGTWTCTAAT","16S_24","515rcbc2","806RB_bc32","16S_F2_R32","PLATE 1",26,4,"ART2083","STN012","107","CTD018","11","1/18/22","-73.8","-112.67","34.12","-1.79","300.35","300","8","293","polycarbonate","3","31.93","2.17","0.07","0.11","8.45","6.68","0",NA,42,"0.07",0.37,"Low","Intermediate","Mid","WW","Open_polynya","Open_polynya","True.Sample",NA,NA,"108.5",NA,NA,NA,NA,NA,NA
"012_30_PRE","STN012.30.pre.poly.3.LG",27,"GCTCCTAACGGTCCA","TATGGTAATTGTGTGYCAGCMGCCGCGGTAA","GATTATGCCAGAGAT","AGTCAGCCAGCCGGACTACNVGGGTWTCTAAT","16S_27","515rcbc3","806RB_bc27","16S_F3_R27","PLATE 1",27,4,"ART2093","STN012","107","CTD018","21","1/18/22","-73.8","-112.67","33.81","-0.6","29.75","30","8","293","polycarbonate","3","18.3","1.5","0.07","0.43","8.21","8.62","0","8.01",48.3,"27.04",0.107,"Low","Surface","Surface","AASW","Open_polynya","Open_polynya","True.Sample",NA,"Open_polynya_surf","98.9",NA,NA,NA,NA,NA,"37 um pre-filter to Becky"
"014_860_PRE","STN014.860.pre.poly.3.LG",33,"GCTCGCGCCTTAAAC","TATGGTAATTGTGTGYCAGCMGCCGCGGTAA","GATCGGGACACCCGA","AGTCAGCCAGCCGGACTACNVGGGTWTCTAAT","16S_33","515rcbc4","806RB_bc25","16S_F4_R25","PLATE 1",23,4,"ART2097","STN014","128","CTD022","1","1/20/22","-74.23","-112.08","34.53","0.43","860.2","860","10","293","polycarbonate","3","34.86","2.39","0.06","0.15","7.95","4.61","0",NA,43.8,"0.01",0.826,"High","Bottom_water","Bottom","CDW","Inflow","Dotson","True.Sample",NA,"Inflow",NA,"Inflow",NA,NA,"transect1",5,NA
"014_700_PRE","STN014.700.pre.poly.3.LG",36,"GCTCGCGCCTTAAAC","TATGGTAATTGTGTGYCAGCMGCCGCGGTAA","GATCGTTTGGAATGA","AGTCAGCCAGCCGGACTACNVGGGTWTCTAAT","16S_36","515rcbc4","806RB_bc28","16S_F4_R28","PLATE 1",29,4,"ART2101","STN014","128","CTD022","5","1/20/22","-74.23","-112.08","34.52","0.42","699.96","700","10","293","polycarbonate","3","34.09","2.37","0.06","0.14","7.95","4.63","0",NA,49.6,"0.01",0.914,"High","Bottom_water","Bottom","CDW","Inflow","Dotson","True.Sample",NA,"Inflow",NA,"Inflow",NA,NA,"transect1",5,"Inflow?"
"014_580_PRE","STN014.580.pre.poly.3.LG",39,"GCTCGCGCCTTAAAC","TATGGTAATTGTGTGYCAGCMGCCGCGGTAA","GATCGGTGACCTACT","AGTCAGCCAGCCGGACTACNVGGGTWTCTAAT","16S_39","515rcbc4","806RB_bc31","16S_F4_R31","PLATE 1",18,4,"ART2103","STN014","128","CTD022","7","1/20/22","-74.23","-112.08","34.4","0.14","580.21","580","7","293","polycarbonate","3","33.73","2.29","0","0.09","8.01","4.7","0",NA,48.3,"0.01",0.53,"High","Intermediate","Mid-Bottom","CDW","Inflow","Dotson","True.Sample",NA,"Inflow",NA,"Inflow",NA,NA,"transect1",5,"Inflow?"
"014_460_PRE","STN014.460.pre.poly.3.LG",42,"GCTTATGGTACCCAG","TATGGTAATTGTGTGYCAGCMGCCGCGGTAA","GATCTGTCTATACTA","AGTCAGCCAGCCGGACTACNVGGGTWTCTAAT","16S_42","515rcbc5","806RB_bc26","16S_F5_R26","PLATE 1",25,4,"ART2105","STN014","128","CTD022","9","1/20/22","-74.23","-112.08","34.37","0.04","460.23","460","10","293","polycarbonate","3","33.67","2.27","0","0.03","8.04","4.74","0",NA,49.2,"0.02",0.574,"High","Intermediate","Mid","WW-CDW","Inflow","Dotson","True.Sample",NA,NA,NA,NA,NA,NA,NA,NA,"Inflow?"
"014_300_PRE","STN014.300.pre.poly.3.LG",45,"GCTTATGGTACCCAG","TATGGTAATTGTGTGYCAGCMGCCGCGGTAA","GATAAGAACTCATGA","AGTCAGCCAGCCGGACTACNVGGGTWTCTAAT","16S_45","515rcbc5","806RB_bc29","16S_F5_R29","PLATE 1",23,4,"ART2109","STN014","128","CTD022","13","1/20/22","-74.23","-112.08","34.05","-1.42","299.96","300","10","293","polycarbonate","3","31.82","2.18","0.01","0.11","8.37","6.18","0",NA,44.2,"0.04",0.678,"High","Intermediate","Mid-Surface","WW","Inflow","Dotson","True.Sample",NA,"Dotson_CC",NA,NA,"transect3",5,NA,NA,NA
"014_40_PRE","STN014.40.pre.poly.3.LG",48,"GCTTATGGTACCCAG","TATGGTAATTGTGTGYCAGCMGCCGCGGTAA","GATAATGCGCGTATA","AGTCAGCCAGCCGGACTACNVGGGTWTCTAAT","16S_48","515rcbc5","806RB_bc32","16S_F5_R32","PLATE 1",42,4,"ART2117","STN014","128","CTD022","20","1/20/22","-74.23","-112.08","33.84","-1.13","40.16","40","8.5","293","polycarbonate","3","26.63","1.87","0.06","0.16","8.32","7.52","0","5.54",45.5,"15.54",0.141,"Low","Surface","Surface","AASW","Inflow","Dotson","True.Sample",NA,"Dotson_CC",NA,NA,"transect3",5,NA,NA,NA
"20_499_PRE","STN20.499.pre.poly.3.LG",52,"GCTTACAATATCTGT","TATGGTAATTGTGTGYCAGCMGCCGCGGTAA","GATCGTTTGGAATGA","AGTCAGCCAGCCGGACTACNVGGGTWTCTAAT","16S_52","515rcbc6","806RB_bc28","16S_F6_R28","PLATE 1",21,4,"ART2121","STN20","159","CTD033","1","1/22/22","-74.15","-111.9","34.44","0.13","499.3","499","10","293","polycarbonate","3","33.69","2.32","0.01","0.08","8.02","4.8","0",NA,39.6,"0.01",0.513,"High","Bottom_water","Bottom","CDW","Inflow","Eastern_CC","True.Sample",NA,"Inflow",NA,"Inflow",NA,NA,NA,NA,NA
"20_499_FIL_R2","STN20.499.fil.dura.r2",54,"GCTTACAATATCTGT","TATGGTAATTGTGTGYCAGCMGCCGCGGTAA","GATTGATATCGTCTT","AGTCAGCCAGCCGGACTACNVGGGTWTCTAAT","16S_54","515rcbc6","806RB_bc30","16S_F6_R30","PLATE 1",22,4,"ART2122","STN20","159","CTD033","2","1/22/22","-74.15","-111.9","34.44","0.13","499.31","480","10","47","durapore","0.2","33.69","2.32","0.01","0.08","8.02","4.8","0",NA,39.6,"0.01",0.513,"High","Bottom_water","Bottom","CDW","Inflow","Eastern_CC","True.Sample",2,"Inflow",NA,"Inflow",NA,NA,NA,NA,NA
"20_175_PRE","STN20.175.pre.poly.3.LG",55,"GCTTACAATATCTGT","TATGGTAATTGTGTGYCAGCMGCCGCGGTAA","GATCGGTGACCTACT","AGTCAGCCAGCCGGACTACNVGGGTWTCTAAT","16S_55","515rcbc6","806RB_bc31","16S_F6_R31","PLATE 1",25,4,"ART2132","STN20","159","CTD033","12","1/22/22","-74.15","-111.9","33.99","-1.52","174.86","175","10","293","polycarbonate","3","30.89","2.12","0.06","0.23","8.4","6.42","0",NA,38.6,"0.27",0.406,"Low","Intermediate","Mid","WW","Inflow","Eastern_CC","True.Sample",NA,"Eastern_CC",NA,NA,"transect3",4,NA,NA,NA
"20_25_PRE","STN20.25.pre.poly.3.LG",58,"GCTAATTTAGGTAGG","TATGGTAATTGTGTGYCAGCMGCCGCGGTAA","GATCTGTCTATACTA","AGTCAGCCAGCCGGACTACNVGGGTWTCTAAT","16S_58","515rcbc7","806RB_bc26","16S_F7_R26","PLATE 1",30,4,"ART2141","STN20","159","CTD033","21","1/22/22","-74.15","-111.9","33.81","-1.19","24.93","25","6","293","polycarbonate","3","26.6","1.86","0.04","0.18","8.33","7.55","2.35","5.97",77.6,"14.11",0.164,"Low","Surface","Surface","AASW-WW","Inflow","Eastern_CC","True.Sample",NA,"Eastern_CC",NA,NA,"transect3",4,NA,NA,NA
"22_610_PRE","STN22.610.pre.poly.3.LG",65,"GCTAGCCTTCGTCGC","TATGGTAATTGTGTGYCAGCMGCCGCGGTAA","GATCTTGATTCTTGA","AGTCAGCCAGCCGGACTACNVGGGTWTCTAAT","16S_65","515rcbc0","806RB_bc33","16S_F0_R33","PLATE 1",12,4,"ART2145","STN22","184","CTD041","1","1/23/22","-74.1753","-113.34488","34.38","0.1","609.9","610","10","293","polycarbonate","3","33.37","2.3","0.01","0.05","8.02","4.73","0",NA,43.5,"-0.01",0.516,"High","Bottom_water","Bottom","CDW","Outflow","Dotson","True.Sample",NA,NA,NA,NA,NA,NA,NA,NA,NA
"22_465_PRE","STN22.465.pre.poly.3.LG",68,"GCTAGCCTTCGTCGC","TATGGTAATTGTGTGYCAGCMGCCGCGGTAA","GATGTGGAGTCTCAT","AGTCAGCCAGCCGGACTACNVGGGTWTCTAAT","16S_68","515rcbc0","806RB_bc36","16S_F0_R36","PLATE 1",14,4,"ART2149","STN22","184","CTD041","5","1/23/22","-74.1753","-113.34488","34.31","-0.11","465.11","465","7.5","293","polycarbonate","3","33.39","2.3","0","0.08","8.07","4.79","0",NA,41.2,"-0.01",0.643,"High","Bottom_water","Mid-Bottom","WW-CDW","Outflow","Dotson","True.Sample",NA,"Outflow",NA,"Outflow",NA,NA,"transect2",1,NA
"22_325_PRE","STN22.325.pre.poly.3.LG",71,"GCTAGCCTTCGTCGC","TATGGTAATTGTGTGYCAGCMGCCGCGGTAA","GATATCTAGTGGCAA","AGTCAGCCAGCCGGACTACNVGGGTWTCTAAT","16S_71","515rcbc0","806RB_bc39","16S_F0_R39","PLATE 1",17,4,"ART2153","STN22","184","CTD041","9","1/23/22","-74.1753","-113.34488","34.17","-0.48","325.1","325","10.4","293","polycarbonate","3","33.34","2.29","0.01","0.12","8.16","4.91","0",NA,42.3,"-0.01",0.573,"High","Intermediate","Mid","WW-CDW","Outflow","Dotson","True.Sample",NA,"Outflow",NA,"Outflow",NA,NA,"transect2",1,NA
"22_250_PRE","STN22.250.pre.poly.3.LG",74,"GCTTCCATACCGGAA","TATGGTAATTGTGTGYCAGCMGCCGCGGTAA","GATGAAATCTTGAAG","AGTCAGCCAGCCGGACTACNVGGGTWTCTAAT","16S_74","515rcbc1","806RB_bc34","16S_F1_R34","PLATE 1",18,4,"ART2157","STN22","184","CTD041","13","1/23/22","-74.1753","-113.34488","34.09","-0.69","250.32","250","3.4","293","polycarbonate","3","33.16","2.28","0","0.06","8.21","5","0",NA,43.5,"-0.01",0.572,"High","Intermediate","Mid","WW-CDW","Outflow","Dotson","True.Sample",NA,"Outflow","46.9","Outflow",NA,NA,"transect2",1,NA
"22_150_PRE","STN22.150.pre.poly.3.LG",77,"GCTTCCATACCGGAA","TATGGTAATTGTGTGYCAGCMGCCGCGGTAA","GATACCTTACACCTT","AGTCAGCCAGCCGGACTACNVGGGTWTCTAAT","16S_77","515rcbc1","806RB_bc37","16S_F1_R37","PLATE 1",23,4,"ART2161","STN22","184","CTD041","17","1/23/22","-74.1753","-113.34488","34","-0.94","150.28","150","4.8","293","polycarbonate","3","33.08","2.29","0.01","0.08","8.27","5.1","0.09","0",39.1,"-0.02",0.617,"High","Intermediate","Mid-Surface","WW-CDW","Outflow","Dotson","True.Sample",NA,"Outflow","25.4","Outflow",NA,NA,"transect2",1,NA
"22_2_PRE","STN22.2.pre.poly.3.LG",80,"GCTTCCATACCGGAA","TATGGTAATTGTGTGYCAGCMGCCGCGGTAA","GATACGCTTAACGAC","AGTCAGCCAGCCGGACTACNVGGGTWTCTAAT","16S_80","515rcbc1","806RB_bc40","16S_F1_R40","PLATE 1",22,4,"ART2167","STN22","184","CTD041","23","1/23/22","-74.1753","-113.34488","33.88","-1.27","1.68","2","5.4","293","polycarbonate","3","32.44","2.25","0.02","0.08","8.35","5.49","218.09","0.1",37.8,"0.16",0.73,"High","Surface","Surface","WW-CDW","Outflow","Dotson","True.Sample",NA,NA,NA,NA,NA,NA,NA,NA,NA
"056A_310_PRE","STN056a.310.pre.poly.3.LG",84,"GCTAGCCCTGCTACA","TATGGTAATTGTGTGYCAGCMGCCGCGGTAA","GATGTGGAGTCTCAT","AGTCAGCCAGCCGGACTACNVGGGTWTCTAAT","16S_84","515rcbc2","806RB_bc36","16S_F2_R36","PLATE 1",19,4,"ART2173","STN056a","247","CTD075","5","1/26/22","-74.18","-113.34","34.15","-0.56","310.26","310","8.5","293","polycarbonate","3","33.29","2.24","0.01","0.18","8.18","4.96","0",NA,42.4,"-0.01",0.642,"High","Bottom_water","Bottom","WW-CDW","Outflow","Dotson","True.Sample",NA,"Outflow",NA,"Outflow",NA,NA,"transect2",1,NA
"056A_170_PRE","STN056a.170.pre.poly.3.LG",87,"GCTAGCCCTGCTACA","TATGGTAATTGTGTGYCAGCMGCCGCGGTAA","GATATCTAGTGGCAA","AGTCAGCCAGCCGGACTACNVGGGTWTCTAAT","16S_87","515rcbc2","806RB_bc39","16S_F2_R39","PLATE 1",22,4,"ART2186","STN056a","247","CTD075","18","1/26/22","-74.18","-113.34","33.96","-1.25","169.9","170","9.5","293","polycarbonate","3","32.64","2.2","0.02","0.09","8.34","5.65","0",NA,42.4,"-0.01",0.591,"High","Intermediate","Mid-Bottom","WW-CDW","Outflow","Dotson","True.Sample",NA,"Outflow",NA,"Outflow","transect3",7,"transect2",1,NA
"056A_150_PRE","STN056a.150.pre.poly.3.LG",90,"GCTCCTAACGGTCCA","TATGGTAATTGTGTGYCAGCMGCCGCGGTAA","GATGAAATCTTGAAG","AGTCAGCCAGCCGGACTACNVGGGTWTCTAAT","16S_90","515rcbc3","806RB_bc34","16S_F3_R34","PLATE 1",12,4,"ART2189","STN056a","247","CTD075","21","1/26/22","-74.18","-113.34","33.93","-1.27","149.87","150","10.9","293","polycarbonate","3","32.56","2.18","0.02","0.15","8.35","5.42","0",NA,44.5,"-0.01",0.748,"High","Intermediate","Mid","WW-CDW","Outflow","Dotson","True.Sample",NA,"Outflow",NA,"Outflow","transect3",7,NA,NA,NA
"056A_100_PRE","STN056a.100.pre.poly.3.LG",93,"GCTCCTAACGGTCCA","TATGGTAATTGTGTGYCAGCMGCCGCGGTAA","GATACCTTACACCTT","AGTCAGCCAGCCGGACTACNVGGGTWTCTAAT","16S_93","515rcbc3","806RB_bc37","16S_F3_R37","PLATE 1",17,4,"ART2191","STN056a","247","CTD075","23","1/26/22","-74.18","-113.34","33.88","-1.37","99.81","100","11.2","293","polycarbonate","3","32.6","2.19","0.02","0.15","8.37","5.41","0",NA,50.2,"-0.01",NA,NA,"Intermediate","Mid-Surface","WW-CDW","Outflow","Dotson","True.Sample",NA,"Dotson_CC",NA,NA,"transect3",7,NA,NA,NA
"068_257_PRE","STN068.257.pre.poly.3.LG",116,"GCTTACAATATCTGT","TATGGTAATTGTGTGYCAGCMGCCGCGGTAA","GATGTGGAGTCTCAT","AGTCAGCCAGCCGGACTACNVGGGTWTCTAAT","16S_116","515rcbc6","806RB_bc36","16S_F6_R36","PLATE 2",14,4,"ART2217","STN068","318","CTD139","1","1/29/22","-74.02906","-113.34464","34.11","-0.71","256.59","257","10.2","293","polycarbonate","3","33.16","2.23","0.02","0.19","8.21","5.09","0",NA,55.5,"-0.01",0.511,"High","Bottom_water","Bottom","WW-CDW","Outflow","Western_CC","True.Sample",NA,"Outflow",NA,"Outflow",NA,NA,"transect2",2,NA
"068_190_PRE","STN068.190.pre.poly.3.LG",121,"GCTAATTTAGGTAGG","TATGGTAATTGTGTGYCAGCMGCCGCGGTAA","GATCTTGATTCTTGA","AGTCAGCCAGCCGGACTACNVGGGTWTCTAAT","16S_121","515rcbc7","806RB_bc33","16S_F7_R33","PLATE 2",17,4,"ART2223","STN068","318","CTD139","7","1/29/22","-74.02906","-113.34464","34.05","-0.9","189.6","190","11","293","polycarbonate","3","32.08","2.19","0.02","0.27","8.26","5.23","0",NA,51.4,"-0.01",0.493,"Low","Intermediate","Mid","WW-CDW","Outflow","Western_CC","True.Sample",NA,"Western_CC",NA,"Outflow","transect3",8,"transect2",2,NA
"068_90_PRE","STN068.90.pre.poly.3.LG",124,"GCTAATTTAGGTAGG","TATGGTAATTGTGTGYCAGCMGCCGCGGTAA","GATGTGGAGTCTCAT","AGTCAGCCAGCCGGACTACNVGGGTWTCTAAT","16S_124","515rcbc7","806RB_bc36","16S_F7_R36","PLATE 2",30,4,"ART2230","STN068","318","CTD139","14","1/29/22","-74.02906","-113.34464","33.9","-1.34","90.03","90","11.4","293","polycarbonate","3","32.09","2.19","0.03","0.09","8.36","5.72","0",NA,44.1,"2.32",0.133,"Low","Intermediate","Mid-Surface","WW-CDW","Outflow","Western_CC","True.Sample",NA,"Western_CC",NA,"Outflow","transect3",8,"transect2",2,NA
"068_30_FIL_R1","STN068.30.fil.dura.r1",128,"GCTAATTTAGGTAGG","TATGGTAATTGTGTGYCAGCMGCCGCGGTAA","GATACGCTTAACGAC","AGTCAGCCAGCCGGACTACNVGGGTWTCTAAT","16S_128","515rcbc7","806RB_bc40","16S_F7_R40","PLATE 2",17,4,"ART2238","STN068","318","CTD139","22","1/29/22","-74.02906","-113.34464","33.79","-1.03","30.18","30","4","47","durapore","0.2","20.94","1.62","0.05","0.19","8.3","8.57","0","6.9",44.6,"25.02",NA,NA,"Surface","Surface","AASW","Outflow","Western_CC","True.Sample",1,"Western_CC",NA,NA,"transect3",8,"transect2",2,NA
"078_1040_PRE","STN078.1040.pre.poly.3.LG",131,"GCTAGCCTTCGTCGC","TATGGTAATTGTGTGYCAGCMGCCGCGGTAA","GATCTTAGTGCAGAA","AGTCAGCCAGCCGGACTACNVGGGTWTCTAAT","16S_131","515rcbc0","806RB_bc43","16S_F0_R43","PLATE 2",0,7,"ART2243","STN078","403","CTD155","1","1/31/22","-74.2288","-112.68502","34.54","0.48","1039.6","1040","11.2","293","polycarbonate","3","32.92","2.28","0.01","0.24","7.94","4.58","0",NA,39.6,"-0.01",0.553,"High","Bottom_water","Bottom","CDW","Coastal_current","Dotson","True.Sample",NA,NA,NA,NA,NA,NA,NA,NA,NA
"078_1040_FIL_R1","STN078.1040.fil.dura.r1",132,"GCTAGCCTTCGTCGC","TATGGTAATTGTGTGYCAGCMGCCGCGGTAA","GATAATCTTGCGCCG","AGTCAGCCAGCCGGACTACNVGGGTWTCTAAT","16S_132","515rcbc0","806RB_bc44","16S_F0_R44","PLATE 2",23,4,"ART2244","STN078","403","CTD155","2","1/31/22","-74.2288","-112.68502","34.54","0.48","1039.31","1039","11.2","47","durapore","0.2","32.92","2.28","0.01","0.24","7.94","4.59","0",NA,39.6,"-0.01",0.553,"High","Bottom_water","Bottom","CDW","Coastal_current","Dotson","True.Sample",1,NA,NA,NA,NA,NA,NA,NA,NA
"078_440_PRE","STN078.440.pre.poly.3.LG",134,"GCTAGCCTTCGTCGC","TATGGTAATTGTGTGYCAGCMGCCGCGGTAA","GATAATAACTAGGGT","AGTCAGCCAGCCGGACTACNVGGGTWTCTAAT","16S_134","515rcbc0","806RB_bc46","16S_F0_R46","PLATE 2",22,4,"ART2251","STN078","403","CTD155","9","1/31/22","-74.2288","-112.68502","34.28","-0.32","439.86","440","11.5","293","polycarbonate","3","32.91","2.23","0.01","0.46","8.12","5","0",NA,41.2,"0",0.478,"Low","Intermediate","Mid","WW-CDW","Coastal_current","Dotson","True.Sample",NA,NA,"13.1",NA,NA,NA,NA,NA,NA
"078_180_PRE","STN078.180.pre.poly.3.LG",140,"GCTTCCATACCGGAA","TATGGTAATTGTGTGYCAGCMGCCGCGGTAA","GATAATCTTGCGCCG","AGTCAGCCAGCCGGACTACNVGGGTWTCTAAT","16S_140","515rcbc1","806RB_bc44","16S_F1_R44","PLATE 2",37,4,"ART2258","STN078","403","CTD155","15","1/31/22","-74.2288","-112.68502","33.97","-1.5","180.12","180","10.5","293","polycarbonate","3","30","2.09","0.06","0.41","8.4","6.34","0",NA,47.4,"1.08",0.359,"Low","Intermediate","Mid","WW","Coastal_current","Dotson","True.Sample",NA,"Dotson_CC",NA,NA,"transect3",6,NA,NA,NA
"078_20_PRE","STN078.20.pre.poly.3.LG",144,"GCTTCCATACCGGAA","TATGGTAATTGTGTGYCAGCMGCCGCGGTAA","GATTGATGTGCTAAG","AGTCAGCCAGCCGGACTACNVGGGTWTCTAAT","16S_144","515rcbc1","806RB_bc48","16S_F1_R48","PLATE 2",25,4,"ART2263","STN078","403","CTD155","21","1/31/22","-74.2288","-112.68502","33.83","-1.31","19.87","20","9.5","293","polycarbonate","3","27.72","1.97","0.05","0.34","8.36","7.03","13.25","3.64",54.2,"9.42",0.122,"Low","Surface","Surface","AASW-WW","Coastal_current","Dotson","True.Sample",NA,"Dotson_CC","1.9",NA,"transect3",6,NA,NA,NA
"089_1271_PRE","STN089.1271.pre.poly.3.LG",148,"GCTAGCCCTGCTACA","TATGGTAATTGTGTGYCAGCMGCCGCGGTAA","GATAATCTTGCGCCG","AGTCAGCCAGCCGGACTACNVGGGTWTCTAAT","16S_148","515rcbc2","806RB_bc44","16S_F2_R44","PLATE 2",23,4,"ART2267","STN089","452","CTD167","1","2/3/22","-74.39296","-110.08594","34.7","1.11","1271.26","1271","11","293","polycarbonate","3","38.6","2.7","0.01","0.48","7.8","4.31","0",NA,43.8,"0",0.399,"Low","Bottom_water","Bottom","CDW","Coastal_current","Eastern_CC","True.Sample",NA,NA,NA,NA,NA,NA,NA,NA,NA
"089_500_PRE","STN089.500.pre.poly.3.LG",151,"GCTAGCCCTGCTACA","TATGGTAATTGTGTGYCAGCMGCCGCGGTAA","GATTATTGCAGCAGC","AGTCAGCCAGCCGGACTACNVGGGTWTCTAAT","16S_151","515rcbc2","806RB_bc47","16S_F2_R47","PLATE 2",23,4,"ART2275","STN089","452","CTD167","9","2/3/22","-74.39296","-110.08594","34.34","-0.11","500.21","500","9.5","293","polycarbonate","3","38.12","2.69","0.01","0.12","8.07","4.94","0",NA,42.2,"-0.01",0.491,"Low","Intermediate","Mid-Bottom","WW-CDW","Coastal_current","Eastern_CC","True.Sample",NA,NA,NA,NA,NA,NA,NA,NA,NA
"089_300_PRE","STN089.300.pre.poly.3.LG",154,"GCTCCTAACGGTCCA","TATGGTAATTGTGTGYCAGCMGCCGCGGTAA","GATATACATGCAAGA","AGTCAGCCAGCCGGACTACNVGGGTWTCTAAT","16S_154","515rcbc3","806RB_bc42","16S_F3_R42","PLATE 2",18,4,"ART2279","STN089","452","CTD167","13","2/3/22","-74.39296","-110.08594","34.1","-0.77","300.13","300","9.5","293","polycarbonate","3","37.47","2.62","0.01","0.13","8.22","5.18","0",NA,41.4,"-0.01",0.577,"High","Intermediate","Mid","WW-CDW","Coastal_current","Eastern_CC","True.Sample",NA,NA,NA,NA,NA,NA,NA,NA,NA
"089_200_PRE","STN089.200.pre.poly.3.LG",157,"GCTCCTAACGGTCCA","TATGGTAATTGTGTGYCAGCMGCCGCGGTAA","GATAGGATCAGGGAA","AGTCAGCCAGCCGGACTACNVGGGTWTCTAAT","16S_157","515rcbc3","806RB_bc45","16S_F3_R45","PLATE 2",15,4,"ART2283","STN089","452","CTD167","17","2/3/22","-74.39296","-110.08594","34.02","-1.03","199.68","200","9.5","293","polycarbonate","3","37.46","2.59","0.01","0.13","8.29","5.3","0",NA,49.2,"-0.01",0.626,"High","Intermediate","Mid-Surface","WW-CDW","Coastal_current","Eastern_CC","True.Sample",NA,"Eastern_CC",NA,NA,"transect3",1,NA,NA,NA
"089_2_PRE","STN089.2.pre.poly.3.LG",160,"GCTCCTAACGGTCCA","TATGGTAATTGTGTGYCAGCMGCCGCGGTAA","GATTGATGTGCTAAG","AGTCAGCCAGCCGGACTACNVGGGTWTCTAAT","16S_160","515rcbc3","806RB_bc48","16S_F3_R48","PLATE 2",14,4,"ART2288","STN089","452","CTD167","21","2/3/22","-74.39296","-110.08594","33.77","-1.53","2.24","2","9.5","293","polycarbonate","3","36.66","2.58","0.02","0.1","8.41","5.65","36.47",NA,41.9,"0.08",0.941,"High","Surface","Surface","AASW-WW","Coastal_current","Eastern_CC","True.Sample",NA,"Eastern_CC",NA,NA,"transect3",1,NA,NA,NA
"106_318_PRE","STN106.318.pre.poly.2.LG",163,"GCTCGCGCCTTAAAC","TATGGTAATTGTGTGYCAGCMGCCGCGGTAA","GATCTTAGTGCAGAA","AGTCAGCCAGCCGGACTACNVGGGTWTCTAAT","16S_163","515rcbc4","806RB_bc43","16S_F4_R43","PLATE 2",18,4,"ART2305","STN106","484","CTD184","1","2/5/22","-74.15912","-111.4394","34.04","-1.35","317.78","318","11","293","polycarbonate","2","36.42","2.56","0.03","0.17","8.36","6.05","0",NA,39.6,"0.03",0.509,"High","Bottom_water","Bottom","WW-CDW","Inflow","Eastern_CC","True.Sample",NA,NA,"81.3",NA,NA,NA,NA,NA,NA
"106_170_PRE","STN106.170.pre.poly.2.LG",169,"GCTTATGGTACCCAG","TATGGTAATTGTGTGYCAGCMGCCGCGGTAA","GATTACGGATTATGG","AGTCAGCCAGCCGGACTACNVGGGTWTCTAAT","16S_169","515rcbc5","806RB_bc41","16S_F5_R41","PLATE 2",18,4,"ART2313","STN106","484","CTD184","9","2/5/22","-74.15912","-111.4394","33.98","-1.33","169.81","170","10.5","293","polycarbonate","2","36.53","2.56","0.04","0.35","8.36","5.82","0",NA,42.1,"0.04",0.518,"High","Intermediate","Mid","WW-CDW","Inflow","Eastern_CC","True.Sample",NA,"Eastern_CC","15.9",NA,"transect3",3,NA,NA,NA
"106_20_PRE","STN106.20.pre.poly.3.S",175,"GCTTATGGTACCCAG","TATGGTAATTGTGTGYCAGCMGCCGCGGTAA","GATTATTGCAGCAGC","AGTCAGCCAGCCGGACTACNVGGGTWTCTAAT","16S_175","515rcbc5","806RB_bc47","16S_F5_R47","PLATE 2",22,4,"ART2325","STN106","484","CTD184","21","2/5/22","-74.15912","-111.4394","33.82","-1.3","19.93","20","8","142","polycarbonate","3","32.61","2.27","0.05","0.16","8.36","6.88","1.57","3.47",42.3,"6.67",0.174,"Low","Surface","Surface","AASW-WW","Inflow","Eastern_CC","True.Sample",NA,"Eastern_CC",NA,NA,"transect3",3,NA,NA,NA
"115_730_PRE","STN115.730.pre.poly.3.S",179,"GCTTACAATATCTGT","TATGGTAATTGTGTGYCAGCMGCCGCGGTAA","GATCTTAGTGCAGAA","AGTCAGCCAGCCGGACTACNVGGGTWTCTAAT","16S_179","515rcbc6","806RB_bc43","16S_F6_R43","PLATE 2",14,4,"ART2353","STN115","564","CTD194","1","2/7/22","-73.79998","-112.66742","34.58","0.58","729.92","730","11","142","polycarbonate","3","37.39","2.74","0.02","0.19","7.91","4.58","0",NA,50.7,"0.02",0.98,"High","Bottom_water","Bottom","CDW","Open_polynya","Open_polynya","True.Sample",NA,NA,NA,NA,NA,NA,"transect1",4,NA
"115_300_PRE","STN115.300.pre.poly.3.S",182,"GCTTACAATATCTGT","TATGGTAATTGTGTGYCAGCMGCCGCGGTAA","GATAATAACTAGGGT","AGTCAGCCAGCCGGACTACNVGGGTWTCTAAT","16S_182","515rcbc6","806RB_bc46","16S_F6_R46","PLATE 2",21,4,"ART2358","STN115","564","CTD194","6","2/7/22","-73.79998","-112.66742","34.17","-1.13","299.96","300","11","142","polycarbonate","3","35.58","2.61","0.02","0.22","8.3","5.96","0",NA,42.9,"0.08",NA,NA,"Intermediate","Mid-Bottom","WW-CDW","Open_polynya","Open_polynya","True.Sample",NA,NA,NA,NA,NA,NA,NA,NA,NA
"115_180_PRE","STN115.180.pre.poly.3.S",195,"GCTGACTCAACCAGT","TATGGTAATTGTGTGYCAGCMGCCGCGGTAA","GATTATGCCAGAGAT","AGTCAGCCAGCCGGACTACNVGGGTWTCTAAT","16S_195","515rcbc8","806RB_bc27","16S_F8_R27","PLATE 3",18,4,"ART2361","STN115","564","CTD194","9","2/7/22","-73.79998","-112.66742","34.03","-1.43","180","180","9.5","142","polycarbonate","3","35.12","2.6","0.07","0.34","8.38","6.21","0","0.68",59.8,"1.77",NA,NA,"Intermediate","Mid","WW","Open_polynya","Open_polynya","True.Sample",NA,NA,NA,NA,NA,NA,NA,NA,NA
"115_125_PRE","STN115.125.pre.poly.3.S",198,"GCTGACTCAACCAGT","TATGGTAATTGTGTGYCAGCMGCCGCGGTAA","GATTGATATCGTCTT","AGTCAGCCAGCCGGACTACNVGGGTWTCTAAT","16S_198","515rcbc8","806RB_bc30","16S_F8_R30","PLATE 3",26,4,"ART2364","STN115","564","CTD194","12","2/7/22","-73.79998","-112.66742","33.94","-1.32","124.55","125","11","142","polycarbonate","3","34.67","2.55","0.05","0.52","8.36","5.98","0","1.59",46.3,"2.62",NA,NA,"Intermediate","Mid-Surface","WW-CDW","Open_polynya","Open_polynya","True.Sample",NA,NA,NA,NA,NA,NA,NA,NA,NA
"115_35_PRE","STN115.35.pre.poly.3.S",201,"GCTGCCTCTACGTCG","TATGGTAATTGTGTGYCAGCMGCCGCGGTAA","GATCGGGACACCCGA","AGTCAGCCAGCCGGACTACNVGGGTWTCTAAT","16S_201","515rcbc9","806RB_bc25","16S_F9_R25","PLATE 3",23,4,"ART2373","STN115","564","CTD194","21","2/7/22","-73.79998","-112.66742","33.81","-0.99","34.94","35","7","142","polycarbonate","3","22.98","1.92","0.06","0.59","8.29","8.27","0.01","5.23",47.6,"19.69",NA,NA,"Surface","Surface","AASW","Open_polynya","Open_polynya","True.Sample",NA,"Open_polynya_surf",NA,NA,NA,NA,NA,NA,NA
"132_505_PRE","STN132.505.pre.poly.3.S",205,"GCTGCCTCTACGTCG","TATGGTAATTGTGTGYCAGCMGCCGCGGTAA","GATAAGAACTCATGA","AGTCAGCCAGCCGGACTACNVGGGTWTCTAAT","16S_205","515rcbc9","806RB_bc29","16S_F9_R29","PLATE 3",21,4,"ART2389","STN132","671","CTD220","1","2/11/22","-74.20042","-110.90034","34.09","-1.27","505.44","505","10","142","polycarbonate","3","32.19","2.19","0.01","0.21","8.34","6.02","0",NA,49.4,"-0.02",0.526,"High","Bottom_water","Bottom","WW-CDW","Coastal_current","Eastern_CC","True.Sample",NA,NA,NA,NA,NA,NA,NA,NA,NA
"132_305_PRE","STN132.305.pre.poly.3.S",208,"GCTGCCTCTACGTCG","TATGGTAATTGTGTGYCAGCMGCCGCGGTAA","GATAATGCGCGTATA","AGTCAGCCAGCCGGACTACNVGGGTWTCTAAT","16S_208","515rcbc9","806RB_bc32","16S_F9_R32","PLATE 3",10,4,"ART2393","STN132","671","CTD220","5","2/11/22","-74.20042","-110.9004","34.06","-1.31","304.64","305","11","142","polycarbonate","3","32.12","2.17","0.02","0.09","8.35","5.97","0",NA,41.8,"-0.01",0.532,"High","Intermediate","Mid-Bottom","WW-CDW","Coastal_current","Eastern_CC","True.Sample",NA,NA,NA,NA,NA,NA,NA,NA,NA
"132_200_PRE","STN132.200.pre.poly.3.S",211,"GCTACTACTGAGGAT","TATGGTAATTGTGTGYCAGCMGCCGCGGTAA","GATTATGCCAGAGAT","AGTCAGCCAGCCGGACTACNVGGGTWTCTAAT","16S_211","515rcbc10","806RB_bc27","16S_F10_R27","PLATE 3",39,4,"ART2397","STN132","671","CTD220","9","2/11/22","-74.20042","-110.90046","34","-1.24","200.2","200","11","142","polycarbonate","3","32.23","2.17","0.02","0.14","8.34","5.64","0",NA,42.6,"0",0.594,"High","Intermediate","Mid","WW-CDW","Coastal_current","Eastern_CC","True.Sample",NA,"Eastern_CC",NA,NA,"transect3",2,NA,NA,NA
"132_100_PRE","STN132.100.pre.poly.3.S",214,"GCTACTACTGAGGAT","TATGGTAATTGTGTGYCAGCMGCCGCGGTAA","GATTGATATCGTCTT","AGTCAGCCAGCCGGACTACNVGGGTWTCTAAT","16S_214","515rcbc10","806RB_bc30","16S_F10_R30","PLATE 3",47,4,"ART2404","STN132","671","CTD220","16","2/11/22","-74.20042","-110.90052","33.91","-1.36","99.98","100","10.5","142","polycarbonate","3","32.15","2.19","0.01","0.24","8.37","5.61","0.04","0.4",46.6,"0.22",0.55,"High","Intermediate","Mid-Surface","WW-CDW","Coastal_current","Eastern_CC","True.Sample",NA,"Eastern_CC",NA,NA,"transect3",2,NA,NA,NA
"132_30_PRE","STN132.30.pre.poly.3.S",217,"GCTAATTCACCTCCT","TATGGTAATTGTGTGYCAGCMGCCGCGGTAA","GATCGGGACACCCGA","AGTCAGCCAGCCGGACTACNVGGGTWTCTAAT","16S_217","515rcbc11","806RB_bc25","16S_F11_R25","PLATE 3",28,4,"ART2409","STN132","671","CTD220","21","2/11/22","-74.20042","-110.90058","33.82","-1.43","30.22","30","8.1","142","polycarbonate","3","31.56","2.12","0.02","0.2","8.39","6.23","4.74","0.49",48.8,"1.19",0.452,"Low","Surface","Surface","AASW-WW","Coastal_current","Eastern_CC","True.Sample",NA,"Eastern_CC",NA,NA,"transect3",2,NA,NA,NA
"146_268_PRE","STN146.268.pre.poly.3.S",221,"GCTAATTCACCTCCT","TATGGTAATTGTGTGYCAGCMGCCGCGGTAA","GATAAGAACTCATGA","AGTCAGCCAGCCGGACTACNVGGGTWTCTAAT","16S_221","515rcbc11","806RB_bc29","16S_F11_R29","PLATE 3",40,4,"ART2425","STN146","700","CTD235","1","2/13/22","-73.86234","-114.01636","34.1","-0.85","268.47","268","11","142","polycarbonate","3","32.84","2.25","0.03","0.33","8.24","5.29","0",NA,43.1,"0.53",0.613,"High","Bottom_water","Bottom","WW-CDW","Outflow","Western_CC","True.Sample",NA,NA,NA,NA,NA,NA,"transect2",3,NA
"146_250_PRE","STN146.250.pre.poly.3.S",224,"GCTAATTCACCTCCT","TATGGTAATTGTGTGYCAGCMGCCGCGGTAA","GATAATGCGCGTATA","AGTCAGCCAGCCGGACTACNVGGGTWTCTAAT","16S_224","515rcbc11","806RB_bc32","16S_F11_R32","PLATE 3",27,4,"ART2427","STN146","700","CTD235","3","2/13/22","-73.86234","-114.01636","34.1","-0.85","250.06","250","11","142","polycarbonate","3","31.95","2.19","0.04","0.17","8.24","5.3","0",NA,43.2,"0.33",0.568,"High","Intermediate","Mid-Bottom","WW-CDW","Outflow","Western_CC","True.Sample",NA,"Eastern_CC",NA,NA,NA,NA,"transect2",3,NA
"146_201_PRE","STN146.201.pre.poly.3.S",227,"GCTCGTATAAATGCG","TATGGTAATTGTGTGYCAGCMGCCGCGGTAA","GATTATGCCAGAGAT","AGTCAGCCAGCCGGACTACNVGGGTWTCTAAT","16S_227","515rcbc12","806RB_bc27","16S_F12_R27","PLATE 3",24,4,"ART2431","STN146","700","CTD235","7","2/13/22","-73.86234","-114.01636","34.02","-1.08","200.52","201","11","142","polycarbonate","3","32.34","2.22","0.05","0.5","8.3","5.49","0",NA,48.9,"2.37",0.538,"High","Intermediate","Mid","WW-CDW","Outflow","Western_CC","True.Sample",NA,"Eastern_CC",NA,NA,"transect3",9,"transect2",3,NA
"146_160_PRE","STN146.160.pre.poly.3.S",230,"GCTCGTATAAATGCG","TATGGTAATTGTGTGYCAGCMGCCGCGGTAA","GATTGATATCGTCTT","AGTCAGCCAGCCGGACTACNVGGGTWTCTAAT","16S_230","515rcbc12","806RB_bc30","16S_F12_R30","PLATE 3",32,4,"ART2436","STN146","700","CTD235","12","2/13/22","-73.86234","-114.01636","33.94","-1.17","159.91","160","10.2","142","polycarbonate","3","30.3","2.13","0.05","0.63","8.32","5.97","0","2.55",62.1,"6.09",0.477,"Low","Intermediate","Mid-Surface","WW-CDW","Outflow","Western_CC","True.Sample",NA,"Eastern_CC",NA,NA,"transect3",9,"transect2",3,NA
"146_30_PRE","STN146.30.pre.poly.3.S",232,"GCTCGTATAAATGCG","TATGGTAATTGTGTGYCAGCMGCCGCGGTAA","GATAATGCGCGTATA","AGTCAGCCAGCCGGACTACNVGGGTWTCTAAT","16S_232","515rcbc12","806RB_bc32","16S_F12_R32","PLATE 3",27,4,"ART2438","STN146","700","CTD235","21","2/13/22","-73.86234","-114.01636","33.77","-0.98","30.12","30","10.2","142","polycarbonate","3","18.47","1.54","0.07","0.51","8.29","8.55","0","2.55",59.9,"6.41",0.136,"Low","Surface","Surface","WW-CDW","Outflow","Western_CC","True.Sample",NA,"Eastern_CC",NA,NA,"transect3",9,"transect2",3,NA
"153_548_PRE","STN153.548.pre.poly.3.S",236,"GCTATGCTGCAACAC","TATGGTAATTGTGTGYCAGCMGCCGCGGTAA","GATCGTTTGGAATGA","AGTCAGCCAGCCGGACTACNVGGGTWTCTAAT","16S_236","515rcbc13","806RB_bc28","16S_F13_R28","PLATE 3",22,4,"ART2475","STN153","738","CTD245","1","2/15/22","-73.92156","-118.838","34.39","0","548.28","548","11","142","polycarbonate","3","33.15","2.27","0.02","0.03","8.05","5","0",NA,38.3,"-0.01",0.801,"High","Bottom_water","Bottom","WW-CDW","Coastal_current","Getz","True.Sample",NA,NA,NA,NA,NA,NA,"transect4",1,NA
"153_160_PRE","STN153.160.pre.poly.3.S",240,"GCTATGCTGCAACAC","TATGGTAATTGTGTGYCAGCMGCCGCGGTAA","GATAATGCGCGTATA","AGTCAGCCAGCCGGACTACNVGGGTWTCTAAT","16S_240","515rcbc13","806RB_bc32","16S_F13_R32","PLATE 3",36,4,"ART2491","STN153","738","CTD245","17","2/15/22","-73.92156","-118.838","33.97","-1.37","160.02","160","7.5","142","polycarbonate","3","31.63","2.17","0.02","0.13","8.37","5.8","0","0.68",38.3,"0.31",0.378,"Low","Intermediate","Mid-Surface","WW-CDW","Coastal_current","Getz","True.Sample",NA,"Getz_CC",NA,NA,NA,NA,NA,NA,NA
"153_2_PRE","STN153.2.pre.poly.3.S",243,"GCTACTCGCTCGCTG","TATGGTAATTGTGTGYCAGCMGCCGCGGTAA","GATTATGCCAGAGAT","AGTCAGCCAGCCGGACTACNVGGGTWTCTAAT","16S_243","515rcbc14","806RB_bc27","16S_F14_R27","PLATE 3",31,4,"ART2497","STN153","738","CTD245","23","2/15/22","-73.92156","-118.838","33.76","-0.33","1.94","2","10","142","polycarbonate","3","10.97","1.13","0.1","0.64","8.15","9.1","52.2","1.85",51.7,"7.85",0.262,"Low","Surface","Surface","AASW","Coastal_current","Getz","True.Sample",NA,"Getz_CC",NA,NA,NA,NA,NA,NA,NA
"12_3_732_PRE","STN12.3.732.pre.poly.3.S",245,"GCTACTCGCTCGCTG","TATGGTAATTGTGTGYCAGCMGCCGCGGTAA","GATAAGAACTCATGA","AGTCAGCCAGCCGGACTACNVGGGTWTCTAAT","16S_245","515rcbc14","806RB_bc29","16S_F14_R29","PLATE 3",28,4,"ASP01493","STN12.3","770","CTD258","1","2/17/22","-73.80034","-112.66694","34.56","0.53","731.54","732","11","142","polycarbonate","3","36.47","2.68","0.02","0.23","7.92","4.61","0",NA,43.8,"0.04",NA,NA,"Bottom_water","Bottom","CDW","Open_polynya","Open_polynya","True.Sample",NA,NA,NA,NA,NA,NA,"transect1",4,NA
"12_3_732_FIL__R1","STN12.3.732.fil.poly.S.r1",246,"GCTACTCGCTCGCTG","TATGGTAATTGTGTGYCAGCMGCCGCGGTAA","GATTGATATCGTCTT","AGTCAGCCAGCCGGACTACNVGGGTWTCTAAT","16S_246","515rcbc14","806RB_bc30","16S_F14_R30","PLATE 3",29,4,"ASP01494","STN12.3","770","CTD258","2","2/17/22","-73.80034","-112.66694","34.56","0.53","731.47","731","11","142","polycarbonate","0.2","36.47","2.68","0.02","0.23","7.92","4.61","0",NA,43.8,"0.04",NA,NA,"Bottom_water","Bottom","CDW","Open_polynya","Open_polynya","True.Sample",1,NA,NA,NA,NA,NA,"transect1",4,NA
"12_3_300_PRE","STN12.3.300.pre.poly.3.S",247,"GCTACTCGCTCGCTG","TATGGTAATTGTGTGYCAGCMGCCGCGGTAA","GATCGGTGACCTACT","AGTCAGCCAGCCGGACTACNVGGGTWTCTAAT","16S_247","515rcbc14","806RB_bc31","16S_F14_R31","PLATE 3",33,4,"ASP01500","STN12.3","770","CTD258","8","2/17/22","-73.80074","-112.66718","34.16","-1.14","300.09","300","9.5","142","polycarbonate","3","35.33","2.58","0.03","0.29","8.3","5.85","0",NA,46,"0.1",NA,NA,"Intermediate","Mid","WW-CDW","Open_polynya","Open_polynya","True.Sample",NA,NA,NA,NA,NA,NA,NA,NA,NA
"12_3_165_PRE","STN12.3.165.pre.poly.3.S",249,"GCTTTCCTTAGTAGT","TATGGTAATTGTGTGYCAGCMGCCGCGGTAA","GATCGGGACACCCGA","AGTCAGCCAGCCGGACTACNVGGGTWTCTAAT","16S_249","515rcbc15","806RB_bc25","16S_F15_R25","PLATE 3",21,4,"ASP01503","STN12.3","770","CTD258","11","2/17/22","-73.80082","-112.66734","34.01","-1.45","164.92","165","11","142","polycarbonate","3","34.08","2.52","0.07","0.67","8.38","6.19","0",NA,39.7,"1.82",NA,NA,"Intermediate","Mid-Surface","WW","Open_polynya","Open_polynya","True.Sample",NA,NA,NA,NA,NA,NA,NA,NA,NA
"12_3_15_PRE","STN12.3.15.pre.poly.3.S",251,"GCTTTCCTTAGTAGT","TATGGTAATTGTGTGYCAGCMGCCGCGGTAA","GATTATGCCAGAGAT","AGTCAGCCAGCCGGACTACNVGGGTWTCTAAT","16S_251","515rcbc15","806RB_bc27","16S_F15_R27","PLATE 3",29,4,"ASP01513","STN12.3","770","CTD258","21","2/17/22","-73.80034","-112.66694","33.77","-0.86","14.81","15","9.5","142","polycarbonate","3","17.73","1.6","0.07","0.73","8.27","8.71","1.38",NA,51.2,"25.25",NA,NA,"Surface","Surface","AASW","Open_polynya","Open_polynya","True.Sample",NA,"Open_polynya_surf",NA,NA,NA,NA,NA,NA,NA
"151_2_673_PRE","STN151.2.673.pre.poly.3.S",254,"GCTTTCCTTAGTAGT","TATGGTAATTGTGTGYCAGCMGCCGCGGTAA","GATTGATATCGTCTT","AGTCAGCCAGCCGGACTACNVGGGTWTCTAAT","16S_254","515rcbc15","806RB_bc30","16S_F15_R30","PLATE 3",26,4,"ASP01517","STN151.2","800","CTD267","1","2/19/22","-73.88074","-118.73942","34.51","0.42","673.33","673","11","142","polycarbonate","3","33.47","2.26","0.01","0.26","7.95","4.75","0",NA,43.6,"-0.01",0.53,"High","Bottom_water","Bottom","CDW","Coastal_current","Getz","True.Sample",NA,NA,NA,NA,NA,NA,"transect4",2,NA
"151_2_500_PRE","STN151.2.500.pre.poly.3.S",260,"GCTGACTCAACCAGT","TATGGTAATTGTGTGYCAGCMGCCGCGGTAA","GATGTGGAGTCTCAT","AGTCAGCCAGCCGGACTACNVGGGTWTCTAAT","16S_260","515rcbc8","806RB_bc36","16S_F8_R36","PLATE 3",23,4,"ASP01527","STN151.2","800","CTD267","11","2/19/22","-73.88074","-118.73942","34.31","-0.3","499.65","500","11","142","polycarbonate","3","33.2","2.28","0.01","0.13","8.11","5.1","0",NA,42.2,"0",NA,NA,"Intermediate","Mid-Bottom","WW-CDW","Coastal_current","Getz","True.Sample",NA,NA,NA,NA,NA,NA,NA,NA,NA
"174_620_PRE","STN174.620.pre.poly.3.S",263,"GCTGACTCAACCAGT","TATGGTAATTGTGTGYCAGCMGCCGCGGTAA","GATATCTAGTGGCAA","AGTCAGCCAGCCGGACTACNVGGGTWTCTAAT","16S_263","515rcbc8","806RB_bc39","16S_F8_R39","PLATE 3",29,4,"ASP01541","STN174","822","CTD271","1","2/20/22","-73.73166","-116.85366","34.46","0.13","620.2","620","11","142","polycarbonate","3","33.12","2.29","0.04","0.28","8.01","4.85","0",NA,44.7,"0.75",0.871,"High","Bottom_water","Bottom","CDW","West_OP","West_OP","True.Sample",NA,NA,NA,NA,NA,NA,"transect4",3,NA
"174_550_PRE","STN174.550.pre.poly.3.S",265,"GCTGCCTCTACGTCG","TATGGTAATTGTGTGYCAGCMGCCGCGGTAA","GATCTTGATTCTTGA","AGTCAGCCAGCCGGACTACNVGGGTWTCTAAT","16S_265","515rcbc9","806RB_bc33","16S_F9_R33","PLATE 3",27,4,"ASP01547","STN174","822","CTD271","7","2/20/22","-73.73226","-116.85366","34.38","-0.24","549.91","550","11","142","polycarbonate","3","33.26","2.3","0.05","0.16","8.09","5.04","0",NA,54,"0.48",0.749,"High","Bottom_water","Mid-Bottom","WW-CDW","Open_polynya","West_OP","True.Sample",NA,NA,NA,NA,NA,NA,NA,NA,NA
"174_3_PRE","STN174.3.pre.poly.3.S",269,"GCTGCCTCTACGTCG","TATGGTAATTGTGTGYCAGCMGCCGCGGTAA","GATACCTTACACCTT","AGTCAGCCAGCCGGACTACNVGGGTWTCTAAT","16S_269","515rcbc9","806RB_bc37","16S_F9_R37","PLATE 3",24,4,"ASP01562","STN174","822","CTD271","22","2/20/22","-73.73252","-116.85274","33.71","0.01","2.91","3","5","142","polycarbonate","3","3.84","0.68","0.07","0.34","8.08","8.65","107.13","2.1",64.7,"7.64",0.11,"Low","Surface","Surface","AASW","Open_polynya","West_OP","True.Sample",NA,NA,NA,NA,NA,NA,NA,NA,NA
