KO_Num,Name,Pathway Description KEGG,Pathway Final Annotation used in Fig.3-5,Metabolism
K00855,"PRK, prkB; phosphoribulokinase [EC:2.7.1.19]",Calvin Cycle,Calvin Cycle,Carbon metabolism/autotrophic pathways
K01601,rbcL; ribulose-bisphosphate carboxylase large chain [EC:4.1.1.39],Calvin Cycle,Calvin Cycle,Carbon metabolism/autotrophic pathways
K01602,rbcS; ribulose-bisphosphate carboxylase small chain [EC:4.1.1.39],Calvin Cycle,Calvin Cycle,Carbon metabolism/autotrophic pathways
K00198,"cooS, acsA; anaerobic carbon-monoxide dehydrogenase catalytic subunit [EC:1.2.7.4]",Reductive acetyl-CoA pathway (Wood-Ljungdahl pathway),Reductive acetyl-CoA pathway (Wood-Ljungdahl pathway),Carbon metabolism/autotrophic pathways
K14138,acsB; acetyl-CoA synthase [EC:2.3.1.169],Reductive acetyl-CoA pathway (Wood-Ljungdahl pathway),Reductive acetyl-CoA pathway (Wood-Ljungdahl pathway),Carbon metabolism/autotrophic pathways
K15023,acsE; 5-methyltetrahydrofolate corrinoid/iron sulfur protein methyltransferase [EC:2.1.1.258],Reductive acetyl-CoA pathway (Wood-Ljungdahl pathway),Reductive acetyl-CoA pathway (Wood-Ljungdahl pathway),Carbon metabolism/autotrophic pathways
K14468,mcr; malonyl-CoA reductase / 3-hydroxypropionate dehydrogenase (NADP+) [EC:1.2.1.75 1.1.1.298],3-Hydroxypropionate bi-cycle,3-Hydroxypropionate bi-cycle,Carbon metabolism/autotrophic pathways
K15052,prpE; propionyl-CoA carboxylase [EC:6.4.1.3 2.1.3.15],3-Hydroxypropionate bi-cycle,3-Hydroxypropionate bi-cycle,Carbon metabolism/autotrophic pathways
K08691,mcl; malyl-CoA/(S)-citramalyl-CoA lyase [EC:4.1.3.24 4.1.3.25],3-Hydroxypropionate bi-cycle|Ethylmalonyl pathway | Formaldehyde assimilation,3-Hydroxypropionate bi-cycle|Ethylmalonyl pathway | Formaldehyde assimilation,Carbon metabolism/autotrophic pathways
K14469,acrylyl-CoA reductase (NADPH) / 3-hydroxypropionyl-CoA dehydratase / 3-hydroxypropionyl-CoA synthetase [EC:1.3.1.84 4.2.1.116 6.2.1.36],3-Hydroxypropionate bi-cycle,3-Hydroxypropionate bi-cycle,Carbon metabolism/autotrophic pathways
K14470,mct; 2-methylfumaryl-CoA isomerase [EC:5.4.1.3],3-Hydroxypropionate bi-cycle,3-Hydroxypropionate bi-cycle,Carbon metabolism/autotrophic pathways
K09709,meh; 3-methylfumaryl-CoA hydratase [EC:4.2.1.153],3-Hydroxypropionate bi-cycle,3-Hydroxypropionate bi-cycle,Carbon metabolism/autotrophic pathways
K15039, 3-hydroxypropionate dehydrogenase (NADP+) [EC:1.1.1.298],Hydroxypropionate-hydroxybutylate cycle,Hydroxypropionate-hydroxybutylate cycle,Carbon metabolism/autotrophic pathways
K15017,malonyl-CoA/succinyl-CoA reductase (NADPH) [EC:1.2.1.75 1.2.1.76],Dicarboxylate-hydroxybutyrate cycle | Hydroxypropionate-hydroxybutylate cycle,Dicarboxylate-hydroxybutyrate cycle | Hydroxypropionate-hydroxybutylate cycle,Carbon metabolism/autotrophic pathways
K15016,enoyl-CoA hydratase / 3-hydroxyacyl-CoA dehydrogenase [EC:4.2.1.17 1.1.1.35],Dicarboxylate-hydroxybutyrate cycle | Hydroxypropionate-hydroxybutylate cycle,Dicarboxylate-hydroxybutyrate cycle | Hydroxypropionate-hydroxybutylate cycle,Carbon metabolism/autotrophic pathways
K15230,aclA; ATP-citrate lyase alpha-subunit [EC:2.3.3.8],Reductive citrate cycle (rTCA cycle),Reductive citrate cycle (rTCA cycle),Carbon metabolism/autotrophic pathways
K15231,aclB; ATP-citrate lyase beta-subunit [EC:2.3.3.8],Reductive citrate cycle (rTCA cycle),Reductive citrate cycle (rTCA cycle),Carbon metabolism/autotrophic pathways
K15232,ccsA; citryl-CoA synthetase large subunit [EC:6.2.1.18],Reductive citrate cycle (rTCA cycle),Reductive citrate cycle (rTCA cycle),Carbon metabolism/autotrophic pathways
K15233,ccsB; citryl-CoA synthetase small subunit,Reductive citrate cycle (rTCA cycle),Reductive citrate cycle (rTCA cycle),Carbon metabolism/autotrophic pathways
K03520 ,"coxL, cutL; aerobic carbon-monoxide dehydrogenase large subunit [EC:1.2.5.3]",CO-Oxidation,CO-Oxidation (C1 metabolism),CO-Oxidation
K03519,"coxM, cutM; aerobic carbon-monoxide dehydrogenase medium subunit [EC:1.2.5.3]",CO-Oxidation,CO-Oxidation (C1 metabolism),CO-Oxidation
K03518,coxS;  aerobic carbon-monoxide dehydrogenase large subunit [EC:1.2.5.3],CO-Oxidation,CO-Oxidation (C1 metabolism),CO-Oxidation
K18049,mpnS; methylphosphonate synthase [EC:1.13.11.73],Phosphonate and phosphinate metabolism,Phosphonate and phosphinate metabolism,Methane production 
K00320,"mer; 5,10-methylenetetrahydromethanopterin reductase [EC:1.5.98.2]",CO2 => methane ,C1 metabolism/Methanogenesis ,Methane metabolism
K00200 ,"fwdA, fmdA; formylmethanofuran dehydrogenase subunit A [EC:1.2.7.12]",CO2 => methane ,C1 metabolism/Methanogenesis ,Methane metabolism
K00201,"fwdB, fmdB; formylmethanofuran dehydrogenase subunit B [EC:1.2.7.12]",CO2 => methane ,C1 metabolism/Methanogenesis ,Methane metabolism
K00202,"fwdC, fmdC; formylmethanofuran dehydrogenase subunit C [EC:1.2.7.12]",CO2 => methane ,C1 metabolism/Methanogenesis ,Methane metabolism
K00672,ftr; formylmethanofuran--tetrahydromethanopterin N-formyltransferase [EC:2.3.1.101].,CO2 => methane ,C1 metabolism/Methanogenesis ,Methane metabolism
K04480,mtaB; methanol---5-hydroxybenzimidazolylcobamide Co-methyltransferase [EC:2.1.1.90],methanol => methane,C1-metabolism/Methanogenesis ,Methane metabolism
K00399,mcrA; methyl-coenzyme M reductase alpha subunit [EC:2.8.4.1],methanol => methane | acetate => methane |  methylamine/dimethylamine/trimethylamine => methane |  CO2 => methane,Methanogenesis,Methane metabolism
K03390,hdrC; heterodisulfide reductase subunit C [EC:1.8.98.1],methanol => methane |acetate => methane |  methylamine/dimethylamine/trimethylamine => methane |  CO2 => methane ,C1 metabolism/Methanogenesis ,Methane metabolism
K14083,mttB; trimethylamine---corrinoid protein Co-methyltransferase [EC:2.1.1.250],methylamine/dimethylamine/trimethylamine => methane ,C1 metabolism/Methanogenesis ,Methane metabolism
K00577,mtrA; tetrahydromethanopterin S-methyltransferase subunit A [EC:2.1.1.86],acetate => methane | CO2 => methane,C1 metabolism/Methanogenesis ,Methane metabolism
K00584,mtrH; tetrahydromethanopterin S-methyltransferase subunit H [EC:2.1.1.86],acetate => methane | CO2 => methane,C1-metabolism/Methanogenesis ,Methane metabolism
K05979,comB; 2-phosphosulfolactate phosphatase [EC:3.1.3.71],Coenzyme M biosynthesis,Coenzyme M biosynthesis,Methane metabolism
K06034,comD; sulfopyruvate decarboxylase subunit alpha [EC:4.1.1.79],Coenzyme M biosynthesis,Coenzyme M biosynthesis,Methane metabolism
K08097,comA; phosphosulfolactate synthase [EC:4.4.1.19],Coenzyme M biosynthesis,Coenzyme M biosynthesis,Methane metabolism
K13039,comE; sulfopyruvate decarboxylase subunit beta [EC:4.1.1.79],Coenzyme M biosynthesis,Coenzyme M biosynthesis,Methane metabolism
K16157,mmoX; methane monooxygenase component A alpha chain [EC:1.14.13.25],"Methane oxidation, methanotroph, methane => formaldehyde",Methane oxidation,Methane metabolism
K16158,mmoY; methane monooxygenase component A beta chain [EC:1.14.13.25],"Methane oxidation, methanotroph, methane => formaldehyde",Methane oxidation,Methane metabolism
K16159,mmoZ; methane monooxygenase component A gamma chain [EC:1.14.13.25],"Methane oxidation, methanotroph, methane => formaldehyde",Methane oxidation,Methane metabolism
K16160,mmoB; methane monooxygenase regulatory protein B,"Methane oxidation, methanotroph, methane => formaldehyde",Methane oxidation,Methane metabolism
K16161,mmoC; methane monooxygenase component C [EC:1.14.13.25],"Methane oxidation, methanotroph, methane => formaldehyde",Methane oxidation,Methane metabolism
K16162,mmoD; methane monooxygenase component D,"Methane oxidation, methanotroph, methane => formaldehyde",Methane oxidation,Methane metabolism
K10944,"pmoA-amoA; methane/ammonia monooxygenase subunit A [EC:1.14.18.3 1.14.99.39]			","Nitrification|Methane oxidation, methanotroph, methane => formaldehyde",Nitrification|Methane oxidation,Nitrogen /Methene metabolism
K10945,pmoB-amoB; methane/ammonia monooxygenase subunit B,"Nitrification|Methane oxidation, methanotroph, methane => formaldehyde",Nitrification|Methane oxidation,Nitrogen /Methene metabolism
K10946,pmoC-amoC; methane/ammonia monooxygenase subunit C,"Nitrification|Methane oxidation, methanotroph, methane => formaldehyde",Nitrification|Methane oxidation,Nitrogen /Methene metabolism
K02588,nifH; nitrogenase iron protein NifH [EC:1.18.6.1],"Nitrogen fixation, nitrogen => ammonia",Nitrogen fixation,Nitrogen metabolism
K10535,hao; hydroxylamine dehydrogenase [EC:1.7.2.6],"Nitrification, ammonia => nitrite | Complete nitrification, ammonia => nitrite => nitrate",Nitrification,Nitrogen metabolism
K20932,hydrazine synthase subunit [EC:1.7.2.7],anaerobic ammonia oxidizers (anammox bacteria),anaerobic ammonia oxidizers (anammox bacteria),Nitrogen metabolism
K20933,hydrazine synthase subunit [EC:1.7.2.7],anaerobic ammonia oxidizers (anammox bacteria),anaerobic ammonia oxidizers (anammox bacteria),Nitrogen metabolism
K20934,hydrazine synthase subunit [EC:1.7.2.7],anaerobic ammonia oxidizers (anammox bacteria),anaerobic ammonia oxidizers (anammox bacteria),Nitrogen metabolism
K20935,hydrazine dehydrogenase [EC:1.7.2.8],anaerobic ammonia oxidizers (anammox bacteria),anaerobic ammonia oxidizers (anammox bacteria),Nitrogen metabolism
K00370,"narG, narZ, nxrA; nitrate reductase / nitrite oxidoreductase, alpha subunit [EC:1.7.5.1 1.7.99.-]","Nitrification,  ammonia => nitrite => nitrate|Denitrification, nitrate => nitrogen|Dissimilatory nitrate reduction, nitrate => ammonia|",Nitrification|Denitrification|Dissimilatory nitrate reduction,Nitrogen metabolism
K00371,"narH, narY, nxrB; nitrate reductase / nitrite oxidoreductase, beta subunit [EC:1.7.5.1 1.7.99.-]","Nitrification,  ammonia => nitrite => nitrate|Denitrification, nitrate => nitrogen|Dissimilatory nitrate reduction, nitrate => ammonia|",Nitrification|Denitrification|Dissimilatory nitrate reduction,Nitrogen metabolism
K00367,narB; ferredoxin-nitrate reductase [EC:1.7.7.2],"Assimilatory nitrate reduction, nitrate => ammonia ",Assimilatory nitrate reduction,Nitrogen metabolism
K00372,nasA; assimilatory nitrate reductase catalytic subunit [EC:1.7.99.4],"Assimilatory nitrate reduction, nitrate => ammonia ",Assimilatory nitrate reduction,Nitrogen metabolism
K00362,nirB; nitrite reductase (NADH) large subunit [EC:1.7.1.15],"Dissimilatory nitrate reduction, nitrate => ammonia ",Dissimilatory nitrate reduction,Nitrogen metabolism
K00363,nirD; nitrite reductase (NADH) small subunit [EC:1.7.1.15],"Dissimilatory nitrate reduction, nitrate => ammonia ",Dissimilatory nitrate reduction,Nitrogen metabolism
K03385,nrfA; nitrite reductase (cytochrome c-552) [EC:1.7.2.2],"Dissimilatory nitrate reduction, nitrate => ammonia ",Dissimilatory nitrate reduction,Nitrogen metabolism
K15876,nrfH; cytochrome c nitrite reductase small subunit,"Dissimilatory nitrate reduction, nitrate => ammonia ",Dissimilatory nitrate reduction,Nitrogen metabolism
K00368,nirK; nitrite reductase (NO-forming) [EC:1.7.2.1],"Denitrification, nitrate => nitrogen ",Denitrification,Nitrogen metabolism
K15864,nirS; nitrite reductase (NO-forming) / hydroxylamine reductase [EC:1.7.2.1 1.7.99.1],"Denitrification, nitrate => nitrogen ",Denitrification,Nitrogen metabolism
K04561,norB; nitric oxide reductase subunit B [EC:1.7.2.5],"Denitrification, nitrate => nitrogen ",Denitrification,Nitrogen metabolism
K02305,norC; nitric oxide reductase subunit C,"Denitrification, nitrate => nitrogen ",Denitrification,Nitrogen metabolism
K00376,nosZ; nitrous-oxide reductase [EC:1.7.2.4],"Denitrification, nitrate => nitrogen ",Denitrification,Nitrogen metabolism
K15877,CYP55; fungal nitric oxide reductase [EC:1.7.1.14],"Denitrification, nitrate => nitrogen ",Denitrification,Nitrogen metabolism
K00374,"narI, narV; nitrate reductase gamma subunit [EC:1.7.5.1 1.7.99.-]","Denitrification, nitrate => nitrogen|Dissimilatory nitrate reduction, nitrate => ammonia",Denitrification|Dissimilatory nitrate reduction,Nitrogen metabolism
K02567,napA; periplasmic nitrate reductase NapA [EC:1.7.99.-],"Denitrification, nitrate => nitrogen|Dissimilatory nitrate reduction, nitrate => ammonia",Denitrification|Dissimilatory nitrate reduction,Nitrogen metabolism
K02568,napB; cytochrome c-type protein NapB,"Denitrification, nitrate => nitrogen|Dissimilatory nitrate reduction, nitrate => ammonia",Denitrification|Dissimilatory nitrate reduction,Nitrogen metabolism
K17222,soxA; sulfur-oxidizing protein SoxA,"Thiosulfate oxidation by SOX complex, thiosulfate => sulfate",Thiosulfate oxidation by SOX complex,Sulfur metabolism
K17223,soxX; sulfur-oxidizing protein SoxX,"Thiosulfate oxidation by SOX complex, thiosulfate => sulfate",Thiosulfate oxidation by SOX complex,Sulfur metabolism
K17224,soxB; sulfur-oxidizing protein SoxB,"Thiosulfate oxidation by SOX complex, thiosulfate => sulfate",Thiosulfate oxidation by SOX complex,Sulfur metabolism
K17225,soxC; sulfane dehydrogenase subunit SoxC,"Thiosulfate oxidation by SOX complex, thiosulfate => sulfate",Thiosulfate oxidation by SOX complex,Sulfur metabolism
K17226,soxY; sulfur-oxidizing protein SoxY,"Thiosulfate oxidation by SOX complex, thiosulfate => sulfate",Thiosulfate oxidation by SOX complex,Sulfur metabolism
K17227,soxZ; sulfur-oxidizing protein SoxZ,"Thiosulfate oxidation by SOX complex, thiosulfate => sulfate",Thiosulfate oxidation by SOX complex,Sulfur metabolism
K00394,"aprA; adenylylsulfate reductase, subunit A [EC:1.8.99.2]","Dissimilatory sulfate reduction, sulfate => H2S",Dissimilatory sulfate reduction,Sulfur metabolism
K00395,"aprB; adenylylsulfate reductase, subunit B [EC:1.8.99.2]","Dissimilatory sulfate reduction, sulfate => H2S",Dissimilatory sulfate reduction,Sulfur metabolism
K11180,dsrA; dissimilatory sulfite reductase alpha subunit [EC:1.8.99.5],"Dissimilatory sulfate reduction, sulfate => H2S",Dissimilatory sulfate reduction,Sulfur metabolism
K11181,dsrB; dissimilatory sulfite reductase beta subunit [EC:1.8.99.5],"Dissimilatory sulfate reduction, sulfate => H2S",Dissimilatory sulfate reduction,Sulfur metabolism
K18008,"hydA, [NiFe] hydrogenase small subunit [EC:1.12.2.1]",H2 oxidation,H2 oxidation,H2 oxidation
K00436,"hoxH, NAD-reducing hydrogenase large subunit [EC:1.12.1.2]",H2 oxidation,H2 oxidation,H2 oxidation
K00440,"frhA, coenzyme F420 hydrogenase subunit alpha [EC:1.12.98.1]",H2 oxidation/methene metabolism,H2 oxidation/methene metabolism,H2 oxidation
K03709,"troR; DtxR family transcriptional regulator, Mn-dependent transcriptional regulator",troR,troR,Iron uptake and metabolism
K02076,"zurR, zur; Fur family transcriptional regulator, zinc uptake regulator",Fur family,Fur family,Iron uptake and metabolism
K03711,"fur, zur, furB; Fur family transcriptional regulator, ferric uptake regulator",Fur family,Fur family,Iron uptake and metabolism
K09823,"zur; Fur family transcriptional regulator, zinc uptake regulator",Fur family,Fur family,Iron uptake and metabolism
K09825,"perR; Fur family transcriptional regulator, peroxide stress response regulator",Fur family,Fur family,Iron uptake and metabolism
K09826,"irr; Fur family transcriptional regulator, iron response regulator",Fur family,Fur family,Iron uptake and metabolism
K22297,"furA; Fur family transcriptional regulator, stress-responsive regulator",Fur family,Fur family,Iron uptake and metabolism
K13643,"iscR; Rrf2 family transcriptional regulator, iron-sulfur cluster assembly transcription factor",Rrf2 family,Rrf2 family,Iron uptake and metabolism
K13772,"rirA; Rrf2 family transcriptional regulator, iron-responsive regulator",Rrf2 family,Rrf2 family,Iron uptake and metabolism
K04758,feoA; ferrous iron transport protein A,Fe2+ (ferrous),Fe2+ (ferrous),Iron uptake and metabolism
K04759,feoB; ferrous iron transport protein B,Fe2+ (ferrous),Fe2+ (ferrous),Iron uptake and metabolism
K07490,feoC; ferrous iron transport protein C,Fe2+ (ferrous),Fe2+ (ferrous),Iron uptake and metabolism
K10123,feoC; putative ferrous iron transport protein C,Fe2+ (ferrous),Fe2+ (ferrous),Iron uptake and metabolism
K07224,efeO; iron uptake system component EfeO,Fe2+ (ferrous),Fe2+ (ferrous),Iron uptake and metabolism
K07230,"p19, ftrA; periplasmic iron binding protein",Fe2+ (ferrous),Fe2+ (ferrous),Iron uptake and metabolism
K07243,"FTR, FTH1, efeU; high-affinity iron transporter",Fe2+ (ferrous),Fe2+ (ferrous),Iron uptake and metabolism
K09818,ABC.MN.S; manganese/iron transport system substrate-binding protein,Fe2+ (ferrous),Fe2+ (ferrous),Iron uptake and metabolism
K09819,ABC.MN.P; manganese/iron transport system permease protein,Fe2+ (ferrous),Fe2+ (ferrous),Iron uptake and metabolism
K09820,ABC.MN.A; manganese/iron transport system ATP-binding protein,Fe2+ (ferrous),Fe2+ (ferrous),Iron uptake and metabolism
K11604,sitA; manganese/iron transport system substrate-binding protein,Fe2+ (ferrous),Fe2+ (ferrous),Iron uptake and metabolism
K11605,sitC; manganese/iron transport system permease protein,Fe2+ (ferrous),Fe2+ (ferrous),Iron uptake and metabolism
K11606,sitD; manganese/iron transport system permease protein,Fe2+ (ferrous),Fe2+ (ferrous),Iron uptake and metabolism
K11607,sitB; manganese/iron transport system ATP-binding protein,Fe2+ (ferrous),Fe2+ (ferrous),Iron uptake and metabolism
K11704,mtsA; iron/zinc/manganese/copper transport system substrate-binding protein,Fe2+ (ferrous),Fe2+ (ferrous),Iron uptake and metabolism
K11705,mtsC; iron/zinc/manganese/copper transport system permease protein,Fe2+ (ferrous),Fe2+ (ferrous),Iron uptake and metabolism
K11706,mtsB; iron/zinc/manganese/copper transport system ATP-binding protein,Fe2+ (ferrous),Fe2+ (ferrous),Iron uptake and metabolism
K11707,"troA, mntA, znuA; manganese/zinc/iron transport system substrate-binding protein",Fe2+ (ferrous),Fe2+ (ferrous),Iron uptake and metabolism
K11710,"troB, mntB, znuC; manganese/zinc/iron transport system ATP- binding protein [EC:7.2.2.5]",Fe2+ (ferrous),Fe2+ (ferrous),Iron uptake and metabolism
K11708,"troC, mntC, znuB; manganese/zinc/iron transport system permease protein",Fe2+ (ferrous),Fe2+ (ferrous),Iron uptake and metabolism
K11709,"troD, mntD, znuB; manganese/zinc/iron transport system permease protein",Fe2+ (ferrous),Fe2+ (ferrous),Iron uptake and metabolism
K12346,SMF; metal iron transporter,Fe2+ (ferrous),Fe2+ (ferrous),Iron uptake and metabolism
K13283,fieF; ferrous-iron efflux pump FieF,Fe2+ (ferrous),Fe2+ (ferrous),Iron uptake and metabolism
K15113,"SLC25A28_37, MFRN; solute carrier family 25 (mitochondrial iron transporter), member 28/37",Fe2+ (ferrous),Fe2+ (ferrous),Iron uptake and metabolism
K16301,efeB; deferrochelatase/peroxidase EfeB [EC:1.11.1.-],Fe2+ (ferrous),Fe2+ (ferrous),Iron uptake and metabolism
K19792,FET4; low-affinity ferrous iron transport protein,Fe2+ (ferrous),Fe2+ (ferrous),Iron uptake and metabolism
K22736,VIT; vacuolar iron transporter family protein,Fe2+ (ferrous),Fe2+ (ferrous),Iron uptake and metabolism
K00521,E1.16.1.7; ferric-chelate reductase [EC:1.16.1.7],Fe3+ (ferric),Fe3+ (ferric),Iron uptake and metabolism
K02012,"afuA, fbpA; iron(III) transport system substrate-binding protein",Fe3+ (ferric),Fe3+ (ferric),Iron uptake and metabolism
K02011,"afuB, fbpB; iron(III) transport system permease protein",Fe3+ (ferric),Fe3+ (ferric),Iron uptake and metabolism
K02010,"afuC, fbpC; iron(III) transport system ATP-binding protein [EC:7.2.2.7]",Fe3+ (ferric),Fe3+ (ferric),Iron uptake and metabolism
K02013,ABC.FEV.A; iron complex transport system ATP-binding protein [EC:7.2.2.-],Fe3+ (ferric),Fe3+ (ferric),Iron uptake and metabolism
K07229,yqjH; ferric-chelate reductase (NADPH) [EC:1.16.1.9],Fe3+ (ferric),Fe3+ (ferric),Iron uptake and metabolism
K13255,fhuF; ferric iron reductase protein FhuF,Fe3+ (ferric),Fe3+ (ferric),Iron uptake and metabolism
K18915,feR; ferric-chelate reductase [NAD(P)H] [EC:1.16.1.10],Fe3+ (ferric),Fe3+ (ferric),Iron uptake and metabolism
K00216,"entA; 2,3-dihydro-2,3-dihydroxybenzoate dehydrogenase [EC:1.3.1.28]",Siderophore biosynthesis,Siderophore biosynthesis,Iron uptake and metabolism
K01252,"entB, dhbB, vibB, mxcF; bifunctional isochorismate lyase / aryl carrier protein [EC:3.3.2.1 6.3.2.14]",Siderophore biosynthesis,Siderophore biosynthesis,Iron uptake and metabolism
K02361,entC; isochorismate synthase [EC:5.4.4.2],Siderophore biosynthesis,Siderophore biosynthesis,Iron uptake and metabolism
K02362,entD; enterobactin synthetase component D [EC:6.3.2.14 2.7.8.-],Siderophore biosynthesis,Siderophore biosynthesis,Iron uptake and metabolism
K02363,"entE, dhbE, vibE, mxcE; 2,3-dihydroxybenzoate-AMP ligase [EC:6.3.2.14 2.7.7.58]",Siderophore biosynthesis,Siderophore biosynthesis,Iron uptake and metabolism
K02364,entF; enterobactin synthetase component F [EC:6.3.2.14],Siderophore biosynthesis,Siderophore biosynthesis,Iron uptake and metabolism
K08225,"entS; MFS transporter, ENTS family, enterobactin (siderophore) exporter",Siderophore biosynthesis,Siderophore biosynthesis,Iron uptake and metabolism
K02552,menF; menaquinone-specific isochorismate synthase [EC:5.4.4.2],Siderophore biosynthesis,Siderophore biosynthesis,Iron uptake and metabolism
K04778,vibH; vibriobactin synthetase,Siderophore biosynthesis,Siderophore biosynthesis,Iron uptake and metabolism
K04780,dhbF; nonribosomal peptide synthetase DhbF,Siderophore biosynthesis,Siderophore biosynthesis,Iron uptake and metabolism
K04781,"mbtI, irp9, ybtS; salicylate synthetase [EC:5.4.4.2 4.2.99.21]",Siderophore biosynthesis,Siderophore biosynthesis,Iron uptake and metabolism
K01851,pchA; salicylate biosynthesis isochorismate synthase [EC:5.4.4.2],Siderophore biosynthesis,Siderophore biosynthesis,Iron uptake and metabolism
K04782,pchB; isochorismate pyruvate lyase [EC:4.2.99.21],Siderophore biosynthesis,Siderophore biosynthesis,Iron uptake and metabolism
K12238,pchD; pyochelin biosynthesis protein PchD,Siderophore biosynthesis,Siderophore biosynthesis,Iron uptake and metabolism
K12239,pchE; dihydroaeruginoic acid synthetase,Siderophore biosynthesis,Siderophore biosynthesis,Iron uptake and metabolism
K12240,pchF; pyochelin synthetase,Siderophore biosynthesis,Siderophore biosynthesis,Iron uptake and metabolism
K12241,pchG; pyochelin biosynthetic protein PchG,Siderophore biosynthesis,Siderophore biosynthesis,Iron uptake and metabolism
K04786,"irp1, HMWP1; yersiniabactin nonribosomal peptide/polyketide synthase",Siderophore biosynthesis,Siderophore biosynthesis,Iron uptake and metabolism
K04784,"irp2, HMWP2; yersiniabactin nonribosomal peptide synthetase",Siderophore biosynthesis,Siderophore biosynthesis,Iron uptake and metabolism
K04785,"irp3, ybtU; yersiniabactin synthetase, thiazolinyl reductase component",Siderophore biosynthesis,Siderophore biosynthesis,Iron uptake and metabolism
K04783,"irp5, ybtE; yersiniabactin salicyl-AMP ligase [EC:6.3.2.-]",Siderophore biosynthesis,Siderophore biosynthesis,Iron uptake and metabolism
K04787,mbtA; mycobactin salicyl-AMP ligase [EC:6.3.2.-],Siderophore biosynthesis,Siderophore biosynthesis,Iron uptake and metabolism
K04788,mbtB; mycobactin phenyloxazoline synthetase,Siderophore biosynthesis,Siderophore biosynthesis,Iron uptake and metabolism
K04790,mbtC; mycobactin polyketide synthetase MbtC,Siderophore biosynthesis,Siderophore biosynthesis,Iron uptake and metabolism
K04791,mbtD; mycobactin polyketide synthetase MbtD,Siderophore biosynthesis,Siderophore biosynthesis,Iron uptake and metabolism
K04789,mbtE; mycobactin peptide synthetase MbtE,Siderophore biosynthesis,Siderophore biosynthesis,Iron uptake and metabolism
K04792,mbtF; mycobactin peptide synthetase MbtF,Siderophore biosynthesis,Siderophore biosynthesis,Iron uptake and metabolism
K04793,mbtG; mycobactin lysine-N-oxygenase,Siderophore biosynthesis,Siderophore biosynthesis,Iron uptake and metabolism
K12237,vibF; nonribosomal peptide synthetase VibF,Siderophore biosynthesis,Siderophore biosynthesis,Iron uptake and metabolism
K15653,mxcG; nonribosomal peptide synthetase MxcG,Siderophore biosynthesis,Siderophore biosynthesis,Iron uptake and metabolism
K15681,mxcL; aminotransferase MxcL,Siderophore biosynthesis,Siderophore biosynthesis,Iron uptake and metabolism
K22148,SIDC; ferricrocin synthase,Siderophore biosynthesis,Siderophore biosynthesis,Iron uptake and metabolism
K02003,ABC.CD.A; putative ABC transport system ATP-binding protein,Siderophore uptake,Siderophore uptake,Iron uptake and metabolism
K02014,TC.FEV.OM; iron complex outermembrane recepter protein,Siderophore uptake,Siderophore uptake,Iron uptake and metabolism
K02015,ABC.FEV.P; iron complex transport system permease protein,Siderophore uptake,Siderophore uptake,Iron uptake and metabolism
K02016,ABC.FEV.S; iron complex transport system substrate-binding protein,Siderophore uptake,Siderophore uptake,Iron uptake and metabolism
K02074,ABC.ZM.A; zinc/manganese transport system ATP-binding protein,Siderophore uptake,Siderophore uptake,Iron uptake and metabolism
K02075,ABC.ZM.P; zinc/manganese transport system permease protein,Siderophore uptake,Siderophore uptake,Iron uptake and metabolism
K02077,ABC.ZM.S; zinc/manganese transport system substrate-binding protein,Siderophore uptake,Siderophore uptake,Iron uptake and metabolism
K03559,exbD; biopolymer transport protein ExbD,Siderophore uptake,Siderophore uptake,Iron uptake and metabolism
K03560,tolR; biopolymer transport protein TolR,Siderophore uptake,Siderophore uptake,Iron uptake and metabolism
K03832,tonB; periplasmic protein TonB,Siderophore uptake,Siderophore uptake,Iron uptake and metabolism
K08197,"ARN; MFS transporter, SIT family, siderophore-iron:H symporter",Siderophore uptake,Siderophore uptake,Iron uptake and metabolism
K16087,"TC.FEV.OM3, tbpA, hemR, lbpA, hpuB, bhuR, hugA, hmbR; hemoglobin/transferrin/lactoferrin receptor protein",Siderophore uptake,Siderophore uptake,Iron uptake and metabolism
K16088,"TC.FEV.OM1, fhuE, fpvA, fptA; outer-membrane receptor for ferric coprogen and ferric-rhodotorulic acid",Siderophore uptake,Siderophore uptake,Iron uptake and metabolism
K16089,"TC.FEV.OM2, cirA, cfrA, hmuR; outer membrane receptor for ferrienterochelin and colicins",Siderophore uptake,Siderophore uptake,Iron uptake and metabolism
K16090,fiu; catecholate siderophore receptor,Siderophore uptake,Siderophore uptake,Iron uptake and metabolism
K07165,fecR; transmembrane sensor,Siderophore uptake,Siderophore uptake,Iron uptake and metabolism
K16091,fecA; Fe(3) dicitrate transport protein,Siderophore uptake,Siderophore uptake,Iron uptake and metabolism
K23181,fecB; ferric citrate transport system substrate-binding protein,Siderophore uptake,Siderophore uptake,Iron uptake and metabolism
K23183,fecC; ferric citrate transport system permease protein,Siderophore uptake,Siderophore uptake,Iron uptake and metabolism
K23182,fecD; ferric citrate transport system permease protein,Siderophore uptake,Siderophore uptake,Iron uptake and metabolism
K23184,fecE; ferric citrate transport system ATP-binding protein [EC:7.2.2.18],Siderophore uptake,Siderophore uptake,Iron uptake and metabolism
K19611,"fepA, pfeA, iroN, pirA; ferric enterobactin receptor",Siderophore uptake,Siderophore uptake,Iron uptake and metabolism
K23185,fepB; ferric enterobactin transport system substrate-binding protein,Siderophore uptake,Siderophore uptake,Iron uptake and metabolism
K23188,fepC; ferric enterobactin transport system ATP-binding protein [EC:7.2.2.17],Siderophore uptake,Siderophore uptake,Iron uptake and metabolism
K23186,fepD; ferric enterobactin transport system permease protein,Siderophore uptake,Siderophore uptake,Iron uptake and metabolism
K23187,fepG; ferric enterobactin transport system permease protein,Siderophore uptake,Siderophore uptake,Iron uptake and metabolism
K23228,fhuB; ferric hydroxamate transport system permease protein,Siderophore uptake,Siderophore uptake,Iron uptake and metabolism
K10829,fhuC; ferric hydroxamate transport system ATP-binding protein [EC:7.2.2.16],Siderophore uptake,Siderophore uptake,Iron uptake and metabolism
K23227,fhuD; ferric hydroxamate transport system substrate-binding protein,Siderophore uptake,Siderophore uptake,Iron uptake and metabolism
K03561,exbB; biopolymer transport protein ExbB,Siderophore uptake,Siderophore uptake,Iron uptake and metabolism
K03562,tolQ; biopolymer transport protein TolQ,Siderophore uptake,Siderophore uptake,Iron uptake and metabolism
K03646,tolA; colicin import membrane protein,Siderophore uptake,Siderophore uptake,Iron uptake and metabolism
K00204,fwdH; 4Fe-4S ferredoxin,Ferredoxin/Flavodoxin switch,Ferredoxin/Flavodoxin switch,Iron uptake and metabolism
K00205,"fwdF, fmdF; 4Fe-4S ferredoxin",Ferredoxin/Flavodoxin switch,Ferredoxin/Flavodoxin switch,Iron uptake and metabolism
K00230,hemG; menaquinone-dependent protoporphyrinogen oxidase [EC:1.3.5.3],Ferredoxin/Flavodoxin switch,Ferredoxin/Flavodoxin switch,Iron uptake and metabolism
K00380,cysJ; sulfite reductase (NADPH) flavoprotein alpha-component [EC:1.8.1.2],Ferredoxin/Flavodoxin switch,Ferredoxin/Flavodoxin switch,Iron uptake and metabolism
K03809,wrbA; NAD(P)H dehydrogenase (quinone) [EC:1.6.5.2],Ferredoxin/Flavodoxin switch,Ferredoxin/Flavodoxin switch,Iron uptake and metabolism
K03839,"fldA, nifF, isiB; flavodoxin I",Ferredoxin/Flavodoxin switch,Ferredoxin/Flavodoxin switch,Iron uptake and metabolism
K03840,fldB; flavodoxin II,Ferredoxin/Flavodoxin switch,Ferredoxin/Flavodoxin switch,Iron uptake and metabolism
K04755,"fdx; ferredoxin, 2Fe-2S",Ferredoxin/Flavodoxin switch,Ferredoxin/Flavodoxin switch,Iron uptake and metabolism
K05524,fdxA; ferredoxin,Ferredoxin/Flavodoxin switch,Ferredoxin/Flavodoxin switch,Iron uptake and metabolism
K06205,mioC; MioC protein,Ferredoxin/Flavodoxin switch,Ferredoxin/Flavodoxin switch,Iron uptake and metabolism
K11260,fwdG; 4Fe-4S ferredoxin,Ferredoxin/Flavodoxin switch,Ferredoxin/Flavodoxin switch,Iron uptake and metabolism
K12264,norV; anaerobic nitric oxide reductase flavorubredoxin,Ferredoxin/Flavodoxin switch,Ferredoxin/Flavodoxin switch,Iron uptake and metabolism
K07225,hmuS; putative hemin transport protein,Heme,Heme,Iron uptake and metabolism
K21480,"HO, pbsA1, hmuO; heme oxygenase (biliverdin-producing, ferredoxin) [EC:1.14.15.20]",Heme,Heme,Iron uptake and metabolism
K00435,hemQ; Fe-coproporphyrin III decarboxylase [EC:1.11.1.-],Heme,Heme,Iron uptake and metabolism
K02193,ccmA; heme exporter protein A [EC:7.6.2.5],Heme,Heme,Iron uptake and metabolism
K02194,ccmB; heme exporter protein B,Heme,Heme,Iron uptake and metabolism
K02195,ccmC; heme exporter protein C,Heme,Heme,Iron uptake and metabolism
K02196,ccmD; heme exporter protein D,Heme,Heme,Iron uptake and metabolism
K07226,"hugZ, hutZ; heme iron utilization protein",Heme,Heme,Iron uptake and metabolism
K07227,chuX; heme iron utilization protein,Heme,Heme,Iron uptake and metabolism
K09813,hrtB; hemin transport system permease protein,Heme,Heme,Iron uptake and metabolism
K09814,hrtA; hemin transport system ATP-binding protein [EC:3.6.3.-],Heme,Heme,Iron uptake and metabolism
K14193,isdA; iron-regulated surface determinant protein A,Heme,Heme,Iron uptake and metabolism
K15650,"cmaB; non-haem Fe2, alpha-ketoglutarate-dependent halogenase",Heme,Heme,Iron uptake and metabolism
K00522,FTH1; ferritin heavy chain [EC:1.16.3.2],Fe Storage ,Fe Storage ,Iron uptake and metabolism
K02217,"ftnA, ftn; ferritin [EC:1.16.3.2]",Fe Storage ,Fe Storage ,Iron uptake and metabolism
K02255,ftnB; ferritin-like protein 2,Fe Storage ,Fe Storage ,Iron uptake and metabolism
K03594,bfr; bacterioferritin [EC:1.16.3.1],Fe Storage ,Fe Storage ,Iron uptake and metabolism
K04047,dps; starvation-inducible DNA-binding protein,Fe Storage ,Fe Storage ,Iron uptake and metabolism
K16092,btuB; vitamin B12 transporter,Vitamin B12 transporter,Vitamin B12 transporter,Iron uptake and metabolism
K06858,btuF; vitamin B12 transport system substrate-binding protein,Vitamin B12 transporter,Vitamin B12 transporter,Iron uptake and metabolism
K06073,btuC; vitamin B12 transport system permease protein,Vitamin B12 transporter,Vitamin B12 transporter,Iron uptake and metabolism
K06074,btuD; vitamin B12 transport system ATP-binding protein [EC:7.6.2.8],Vitamin B12 transporter,Vitamin B12 transporter,Iron uptake and metabolism
K00124,"fdoH, fdsB; formate dehydrogenase iron-sulfur subunit",Fe-S,Fe-S,Iron uptake and metabolism
K00184,"K00184; prokaryotic molybdopterin-containing oxidoreductase family, iron-sulfur binding subunit",Fe-S,Fe-S,Iron uptake and metabolism
K00196,cooF; anaerobic carbon-monoxide dehydrogenase iron sulfur subunit,Fe-S,Fe-S,Iron uptake and metabolism
K00235,"SDHB, SDH2; succinate dehydrogenase (ubiquinone) iron-sulfur subunit [EC:1.3.5.1]",Fe-S,Fe-S,Iron uptake and metabolism
K00240,"sdhB, frdB; succinate dehydrogenase / fumarate reductase, iron-sulfur subunit [EC:1.3.5.1 1.3.5.4]",Fe-S,Fe-S,Iron uptake and metabolism
K00245,frdB; fumarate reductase iron-sulfur subunit [EC:1.3.5.4],Fe-S,Fe-S,Iron uptake and metabolism
K00411,"UQCRFS1, RIP1, petA; ubiquinol-cytochrome c reductase iron-sulfur subunit [EC:7.1.1.8]",Fe-S,Fe-S,Iron uptake and metabolism
K00437,hydB; [NiFe] hydrogenase large subunit [EC:1.12.2.1],Fe-S,Fe-S,Iron uptake and metabolism
K02636,petC; cytochrome b6-f complex iron-sulfur subunit [EC:7.1.1.6],Fe-S,Fe-S,Iron uptake and metabolism
K03620,hyaC; Ni/Fe-hydrogenase 1 B-type cytochrome subunit,Fe-S,Fe-S,Iron uptake and metabolism
K03886,"MQCRA, qcrA, bfcA, petC; menaquinol-cytochrome c reductase iron-sulfur subunit [EC:1.10.2.-]",Fe-S,Fe-S,Iron uptake and metabolism
K03890,qcrA; ubiquinol-cytochrome c reductase iron-sulfur subunit,Fe-S,Fe-S,Iron uptake and metabolism
K03934,NDUFS1; NADH dehydrogenase (ubiquinone) Fe-S protein 1 [EC:7.1.1.2 1.6.99.3],Fe-S,Fe-S,Iron uptake and metabolism
K03935,NDUFS2; NADH dehydrogenase (ubiquinone) Fe-S protein 2 [EC:7.1.1.2 1.6.99.3],Fe-S,Fe-S,Iron uptake and metabolism
K03936,NDUFS3; NADH dehydrogenase (ubiquinone) Fe-S protein 3 [EC:7.1.1.2 1.6.99.3],Fe-S,Fe-S,Iron uptake and metabolism
K03937,NDUFS4; NADH dehydrogenase (ubiquinone) Fe-S protein 4,Fe-S,Fe-S,Iron uptake and metabolism
K03938,NDUFS5; NADH dehydrogenase (ubiquinone) Fe-S protein 5,Fe-S,Fe-S,Iron uptake and metabolism
K03939,NDUFS6; NADH dehydrogenase (ubiquinone) Fe-S protein 6,Fe-S,Fe-S,Iron uptake and metabolism
K03940,NDUFS7; NADH dehydrogenase (ubiquinone) Fe-S protein 7 [EC:7.1.1.2 1.6.99.3],Fe-S,Fe-S,Iron uptake and metabolism
K03941,NDUFS8; NADH dehydrogenase (ubiquinone) Fe-S protein 8 [EC:7.1.1.2 1.6.99.3],Fe-S,Fe-S,Iron uptake and metabolism
K05586,hoxE; bidirectional [NiFe] hydrogenase diaphorase subunit [EC:7.1.1.2],Fe-S,Fe-S,Iron uptake and metabolism
K05587,hoxF; bidirectional [NiFe] hydrogenase diaphorase subunit [EC:7.1.1.2],Fe-S,Fe-S,Iron uptake and metabolism
K05588,hoxU; bidirectional [NiFe] hydrogenase diaphorase subunit [EC:7.1.1.2],Fe-S,Fe-S,Iron uptake and metabolism
K05922,hydB; quinone-reactive Ni/Fe-hydrogenase large subunit [EC:1.12.5.1],Fe-S,Fe-S,Iron uptake and metabolism
K05927,hydA; quinone-reactive Ni/Fe-hydrogenase small subunit [EC:1.12.5.1],Fe-S,Fe-S,Iron uptake and metabolism
K05997,sufA; Fe-S cluster assembly protein SufA,Fe-S,Fe-S,Iron uptake and metabolism
K07400,nfuA; Fe/S biogenesis protein NfuA,Fe-S,Fe-S,Iron uptake and metabolism
K08941,pscB; photosystem P840 reaction center iron-sulfur protein,Fe-S,Fe-S,Iron uptake and metabolism
K09013,sufC; Fe-S cluster assembly ATP-binding protein,Fe-S,Fe-S,Iron uptake and metabolism
K09014,sufB; Fe-S cluster assembly protein SufB,Fe-S,Fe-S,Iron uptake and metabolism
K09015,sufD; Fe-S cluster assembly protein SufD,Fe-S,Fe-S,Iron uptake and metabolism
K11473,glcF; glycolate oxidase iron-sulfur subunit,Fe-S,Fe-S,Iron uptake and metabolism
K13480,"ygeU, xdhC; xanthine dehydrogenase iron-sulfur-binding subunit",Fe-S,Fe-S,Iron uptake and metabolism
K13483,yagT; xanthine dehydrogenase YagT iron-sulfur-binding subunit,Fe-S,Fe-S,Iron uptake and metabolism
K13628,iscA; iron-sulfur cluster assembly protein,Fe-S,Fe-S,Iron uptake and metabolism
K14127,"mvhD, vhuD, vhcD; F420-non-reducing hydrogenase iron-sulfur subunit [EC:1.12.99.- 1.8.98.5 1.8.98.6]",Fe-S,Fe-S,Iron uptake and metabolism
K15023,acsE; 5-methyltetrahydrofolate corrinoid/iron sulfur protein methyltransferase [EC:2.1.1.258],Fe-S,Fe-S,Iron uptake and metabolism
K15724,erpA; iron-sulfur cluster insertion protein,Fe-S,Fe-S,Iron uptake and metabolism
K15878,"K15878, narB; rieske iron-sulfur protein",Fe-S,Fe-S,Iron uptake and metabolism
K16879,hmfC; 2-furoyl-CoA dehydrogenase 2Fe-2S iron sulfur subunit [EC:1.3.99.8],Fe-S,Fe-S,Iron uptake and metabolism
K17220,sreB; sulfur reductase FeS subunit,Fe-S,Fe-S,Iron uptake and metabolism
K17997,hydA; iron-hydrogenase subunit alpha [EC:1.12.1.4],Fe-S,Fe-S,Iron uptake and metabolism
K17998,hydB; iron-hydrogenase subunit beta [EC:1.12.1.4],Fe-S,Fe-S,Iron uptake and metabolism
K17999,hydC; iron-hydrogenase subunit gamma [EC:1.12.1.4],Fe-S,Fe-S,Iron uptake and metabolism
K18005,hoxF; [NiFe] hydrogenase diaphorase moiety large subunit [EC:1.12.1.2],Fe-S,Fe-S,Iron uptake and metabolism
K18006,hoxU; [NiFe] hydrogenase diaphorase moiety small subunit [EC:1.12.1.2],Fe-S,Fe-S,Iron uptake and metabolism
K18008,hydA; [NiFe] hydrogenase small subunit [EC:1.12.2.1],Fe-S,Fe-S,Iron uptake and metabolism
K18501,hmeD; heterodisulfide reductase iron-sulfur subunit,Fe-S,Fe-S,Iron uptake and metabolism
K20446,ndhS; nicotinate dehydrogenase small FeS subunit [EC:1.17.1.5],Fe-S,Fe-S,Iron uptake and metabolism
K22063,ISCA1; iron-sulfur cluster assembly 1,Fe-S,Fe-S,Iron uptake and metabolism
K22068,"ISCU; iron-sulfur cluster assembly enzyme ISCU, mitochondrial",Fe-S,Fe-S,Iron uptake and metabolism
K22072,ISCA2; iron-sulfur cluster assembly 2,Fe-S,Fe-S,Iron uptake and metabolism
K22074,"NFU1, HIRIP5; NFU1 iron-sulfur cluster scaffold homolog, mitochondrial",Fe-S,Fe-S,Iron uptake and metabolism
K23301,"qrcC; menaquinone reductase, iron-sulfur cluster-binding subunit [EC:1.97.-.-]",Fe-S,Fe-S,Iron uptake and metabolism
,,,,
,,,,
,,,,
,,,,
,,,,
,,,,
,,,,
,,,,
,,,,
,,,,
,,,,
,,,,
,,,,