Latitude,Longitude,Salinity,Temperature,CTD_Depth,Lab_NO3,Lab_PO4,Lab_NO2,Lab_NH4,Sb_Oxygen,DOC,Iron,sample_name,Depth,Station,Depth_Threshold,More_Depth_Threshold,watertype,Flow_of_CDW,Location,Sample.Control,Iron_Level,Replicate_Number,Pos_in_polynya,Siderophore,True_Flow,Coastal_Current_Name,Coastal_Current_Number,Transect_Name,Transect_Number,Notes,is.neg
-72.2,-117.69,34.66,0.93,516.81,33.62,2.26,0.02,0.27,4.52,43.4,NA,STN002.517.pre.poly.3.LG,517,STN002,Bottom_water,Bottom,CDW,Open_polynya,Open_polynya,True.Sample,NA,NA,NA,NA,NA,NA,NA,transect1,2,mCDW / Tmax,FALSE
-72.2,-117.69,34.66,0.93,516.99,33.62,2.26,0.02,0.27,4.52,43.4,NA,STN002.517.fil.dura.r1,517,STN002,Bottom_water,Bottom,CDW,Open_polynya,Open_polynya,True.Sample,NA,1,NA,NA,NA,NA,NA,transect1,2,mCDW / Tmax,FALSE
-72.2,-117.69,34.66,0.93,516.99,33.62,2.26,0.02,0.27,4.52,43.4,NA,STN002.517.fil.dura.r2,517,STN002,Bottom_water,Bottom,CDW,Open_polynya,Open_polynya,True.Sample,NA,2,NA,NA,NA,NA,NA,transect1,2,mCDW / Tmax,FALSE
-72.2,-117.69,34.13,-1.73,299.7,31.52,2.16,0.04,0.08,6.47,48.7,NA,STN002.200.pre.poly.3.LG,200,STN002,Intermediate,Mid,WW,Open_polynya,Open_polynya,True.Sample,NA,NA,NA,NA,NA,NA,NA,NA,NA,WW - base of fluor max,FALSE
-72.2,-117.69,34.13,-1.74,299.82,31.52,2.16,0.04,0.08,6.48,48.7,NA,STN002.200.fil.dura.r1,200,STN002,Intermediate,Mid,WW,Open_polynya,Open_polynya,True.Sample,NA,1,NA,NA,NA,NA,NA,NA,NA,WW - base of fluor max,FALSE
-72.2,-117.69,34.13,-1.74,299.82,31.52,2.16,0.04,0.08,6.48,48.7,NA,STN002.200.fil.dura.r2,200,STN002,Intermediate,Mid,WW,Open_polynya,Open_polynya,True.Sample,NA,2,NA,NA,NA,NA,NA,NA,NA,NA,FALSE
-72.2,-117.69,33.49,-0.61,19.6,9.22,0.87,0.08,0.41,9.35,64.8,NA,STN002.20.pre.poly.3.LG,20,STN002,Surface,Surface,AASW,Open_polynya,Open_polynya,True.Sample,NA,NA,Open_polynya_surf,NA,NA,NA,NA,NA,NA,thick chla layer,FALSE
-72.2,-117.69,33.48,-0.6,19.86,9.22,0.87,0.08,0.41,9.36,64.8,NA,STN002.20.fil.dura.r1,20,STN002,Surface,Surface,AASW,Open_polynya,Open_polynya,True.Sample,NA,1,Open_polynya_surf,NA,NA,NA,NA,NA,NA,NA,FALSE
-72.2,-117.69,33.48,-0.6,19.86,9.22,0.87,0.08,0.41,9.36,64.8,NA,STN002.20.fil.dura.r2,20,STN002,Surface,Surface,AASW,Open_polynya,Open_polynya,True.Sample,NA,2,Open_polynya_surf,NA,NA,NA,NA,NA,NA,thick chla layer,FALSE
Blank,Blank,Blank,Blank,Blank,Blank,Blank,Blank,Blank,Blank,NA,NA,KITBL.r10,Blank,Blank,Blank,Blank,NA,Blank,Blank,Control.Sample,NA,NA,Blank,Blank,Blank,NA,NA,NA,NA,Blank,TRUE
-73.14,-113.95,34.58,0.59,555.32,33.86,2.27,0.03,0.03,4.56,42.2,NA,STN004.555.pre.poly.3.LG,555,STN004,Bottom_water,Bottom,CDW,Open_polynya,Open_polynya,True.Sample,NA,NA,NA,NA,NA,NA,NA,transect1,3,NA,FALSE
-73.14,-113.95,34.58,0.58,555,33.86,2.27,0.03,0.03,4.56,42.2,NA,STN004.555.fil.dura.r1,555,STN004,Bottom_water,Bottom,CDW,Open_polynya,Open_polynya,True.Sample,NA,1,NA,NA,NA,NA,NA,transect1,3,did not fire,FALSE
-73.14,-113.95,34.58,0.58,555,33.86,2.27,0.03,0.03,4.56,42.2,NA,STN004.555.fil.dura.r2,555,STN004,Bottom_water,Bottom,CDW,Open_polynya,Open_polynya,True.Sample,NA,2,NA,NA,NA,NA,NA,transect1,3,NA,FALSE
-73.14,-113.95,34.13,-1.8,299.91,31.88,2.15,0.03,0.12,6.58,42,NA,STN004.300.pre.poly.3.LG,300,STN004,Intermediate,Mid,WW,Open_polynya,Open_polynya,True.Sample,NA,NA,NA,NA,NA,NA,NA,NA,NA,WW,FALSE
-73.14,-113.95,34.13,-1.8,299.91,31.88,2.15,0.03,0.12,6.58,42,NA,STN004.300.fil.dura.r1,300,STN004,Intermediate,Mid,WW,Open_polynya,Open_polynya,True.Sample,NA,1,NA,NA,NA,NA,NA,NA,NA,NA,FALSE
-73.14,-113.95,34.13,-1.8,299.54,31.88,2.15,0.03,0.12,6.58,42,NA,STN004.300.fil.dura.r2,300,STN004,Intermediate,Mid,WW,Open_polynya,Open_polynya,True.Sample,NA,2,NA,NA,NA,NA,NA,NA,NA,WW,FALSE
-73.14,-113.95,33.88,-0.42,29.77,16.96,1.42,0.07,0.65,8.63,52.9,NA,STN004.30.pre.poly.3.LG,30,STN004,Surface,Surface,WW-CDW,Open_polynya,Open_polynya,True.Sample,NA,NA,Open_polynya_surf,NA,NA,NA,NA,NA,NA,NA,FALSE
-73.14,-113.95,33.88,-0.42,29.78,16.96,1.42,0.07,0.65,8.64,52.9,NA,STN004.30.fil.dura.r1,30,STN004,Surface,Surface,WW-CDW,Open_polynya,Open_polynya,True.Sample,NA,1,Open_polynya_surf,NA,NA,NA,NA,NA,NA,NA,FALSE
-73.14,-113.95,33.88,-0.42,29.78,16.96,1.42,0.07,0.65,8.64,52.9,NA,STN004.30.fil.dura.r2,30,STN004,Surface,Surface,WW-CDW,Open_polynya,Open_polynya,True.Sample,NA,2,Open_polynya_surf,NA,NA,NA,NA,NA,NA,NA,FALSE
Blank,Blank,Blank,Blank,Blank,Blank,Blank,Blank,Blank,Blank,NA,NA,KITBL.r7,Blank,Blank,Blank,Blank,NA,Blank,Blank,Control.Sample,NA,NA,Blank,Blank,Blank,NA,NA,NA,NA,Blank,TRUE
-73.8,-112.67,34.57,0.57,729.55,34.11,2.3,0.02,0.13,4.55,40.2,1.173,STN012.730.pre.poly.3.LG,730,STN012,Bottom_water,Bottom,CDW,Open_polynya,Open_polynya,True.Sample,High,NA,NA,NA,NA,NA,NA,transect1,4,NA,FALSE
-73.8,-112.67,34.57,0.57,729.65,34.11,2.3,0.02,0.13,4.55,40.2,1.173,STN012.730.fil.dura.r1,730,STN012,Bottom_water,Bottom,CDW,Open_polynya,Open_polynya,True.Sample,High,1,NA,NA,NA,NA,NA,transect1,4,NA,FALSE
-73.8,-112.67,34.57,0.57,729.65,34.11,2.3,0.02,0.13,4.55,40.2,1.173,STN012.730.fil.dura.r2,730,STN012,Bottom_water,Bottom,CDW,Open_polynya,Open_polynya,True.Sample,High,2,NA,NA,NA,NA,NA,transect1,4,NA,FALSE
-73.8,-112.67,34.12,-1.79,300.35,31.93,2.17,0.07,0.11,6.68,42,0.37,STN012.300.pre.poly.3.LG,300,STN012,Intermediate,Mid,WW,Open_polynya,Open_polynya,True.Sample,Low,NA,NA,108.5,NA,NA,NA,NA,NA,NA,FALSE
-73.8,-112.67,34.11,-1.79,300.12,31.93,2.17,0.07,0.11,6.69,42,0.37,STN012.300.fil.dura.r1,300,STN012,Intermediate,Mid,WW,Open_polynya,Open_polynya,True.Sample,Low,1,NA,108.5,NA,NA,NA,NA,NA,NA,FALSE
-73.8,-112.67,34.11,-1.79,300.12,31.93,2.17,0.07,0.11,6.69,42,0.37,STN012.300.fil.dura.r2,300,STN012,Intermediate,Mid,WW,Open_polynya,Open_polynya,True.Sample,Low,2,NA,108.5,NA,NA,NA,NA,NA,NA,FALSE
-73.8,-112.67,33.81,-0.6,29.75,18.3,1.5,0.07,0.43,8.62,48.3,0.107,STN012.30.pre.poly.3.LG,30,STN012,Surface,Surface,AASW,Open_polynya,Open_polynya,True.Sample,Low,NA,Open_polynya_surf,98.9,NA,NA,NA,NA,NA,37 um pre-filter to Becky,FALSE
-73.8,-112.67,33.81,-0.64,29.67,18.3,1.5,0.07,0.43,8.76,48.3,0.107,STN012.30.fil.dura.r1,30,STN012,Surface,Surface,AASW,Open_polynya,Open_polynya,True.Sample,Low,1,Open_polynya_surf,98.9,NA,NA,NA,NA,NA,added 2L of seived surface water to above,FALSE
-73.8,-112.67,33.81,-0.64,29.67,18.3,1.5,0.07,0.43,8.76,48.3,0.107,STN012.30.fil.dura.r2,30,STN012,Surface,Surface,AASW,Open_polynya,Open_polynya,True.Sample,Low,2,Open_polynya_surf,98.9,NA,NA,NA,NA,NA,NA,FALSE
Blank,Blank,Blank,Blank,Blank,Blank,Blank,Blank,Blank,Blank,NA,NA,KITBL.r11,Blank,Blank,Blank,Blank,NA,Blank,Blank,Control.Sample,NA,NA,Blank,Blank,Blank,NA,NA,NA,NA,Blank,TRUE
PosCtrl,PosCtrl,PosCtrl,PosCtrl,PosCtrl,PosCtrl,PosCtrl,PosCtrl,PosCtrl,PosCtrl,NA,NA,PCR.pos.r1,PosCtrl,PosCtrl,PosCtrl,PosCtrl,NA,PosCtrl,PosCtrl,Control.Sample,NA,NA,Blank,Blank,Blank,NA,NA,NA,NA,Blank,TRUE
NegCtrl,NegCtrl,NegCtrl,NegCtrl,NegCtrl,NegCtrl,NegCtrl,NegCtrl,NegCtrl,NegCtrl,NA,NA,PCR.neg.r1,NegCtrl,NegCtrl,NegCtrl,NegCtrl,NA,NegCtrl,NegCtrl,Control.Sample,NA,NA,Blank,Blank,Blank,NA,NA,NA,NA,Blank,TRUE
-74.23,-112.08,34.53,0.43,860.2,34.86,2.39,0.06,0.15,4.61,43.8,0.826,STN014.860.pre.poly.3.LG,860,STN014,Bottom_water,Bottom,CDW,Inflow,Dotson,True.Sample,High,NA,Inflow,NA,Inflow,NA,NA,transect1,5,NA,FALSE
-74.23,-112.08,34.53,0.43,860.23,34.86,2.39,0.06,0.15,4.61,43.8,0.826,STN014.860.fil.dura.r1,860,STN014,Bottom_water,Bottom,CDW,Inflow,Dotson,True.Sample,High,1,Inflow,NA,Inflow,NA,NA,transect1,5,NA,FALSE
-74.23,-112.08,34.53,0.43,860.23,34.86,2.39,0.06,0.15,4.61,43.8,0.826,STN014.860.fil.dura.r2,860,STN014,Bottom_water,Bottom,CDW,Inflow,Dotson,True.Sample,High,2,Inflow,NA,Inflow,NA,NA,transect1,5,NA,FALSE
-74.23,-112.08,34.52,0.42,699.96,34.09,2.37,0.06,0.14,4.63,49.6,0.914,STN014.700.pre.poly.3.LG,700,STN014,Bottom_water,Bottom,CDW,Inflow,Dotson,True.Sample,High,NA,Inflow,NA,Inflow,NA,NA,transect1,5,Inflow?,FALSE
-74.23,-112.08,34.52,0.42,700.01,34.09,2.37,0.06,0.14,4.64,49.6,0.914,STN014.700.fil.dura.r1,700,STN014,Bottom_water,Bottom,CDW,Inflow,Dotson,True.Sample,High,1,Inflow,NA,Inflow,NA,NA,transect1,5,Inflow?,FALSE
-74.23,-112.08,34.52,0.42,700.01,34.09,2.37,0.06,0.14,4.64,49.6,0.914,STN014.700.fil.dura.r2,700,STN014,Bottom_water,Bottom,CDW,Inflow,Dotson,True.Sample,High,2,Inflow,NA,Inflow,NA,NA,transect1,5,NA,FALSE
-74.23,-112.08,34.4,0.14,580.21,33.73,2.29,0,0.09,4.7,48.3,0.53,STN014.580.pre.poly.3.LG,580,STN014,Intermediate,Mid-Bottom,CDW,Inflow,Dotson,True.Sample,High,NA,Inflow,NA,Inflow,NA,NA,transect1,5,Inflow?,FALSE
-74.23,-112.08,34.4,0.14,580.24,33.73,2.29,0,0.09,4.7,48.3,0.53,STN014.580.fil.dura.r1,580,STN014,Intermediate,Mid-Bottom,CDW,Inflow,Dotson,True.Sample,High,1,Inflow,NA,Inflow,NA,NA,transect1,5,Inflow?,FALSE
-74.23,-112.08,34.4,0.14,580.24,33.73,2.29,0,0.09,4.7,48.3,0.53,STN014.580.fil.dura.r2,580,STN014,Intermediate,Mid-Bottom,CDW,Inflow,Dotson,True.Sample,High,2,Inflow,NA,Inflow,NA,NA,transect1,5,NA,FALSE
-74.23,-112.08,34.37,0.04,460.23,33.67,2.27,0,0.03,4.74,49.2,0.574,STN014.460.pre.poly.3.LG,460,STN014,Intermediate,Mid,WW-CDW,Inflow,Dotson,True.Sample,High,NA,NA,NA,NA,NA,NA,NA,NA,Inflow?,FALSE
-74.23,-112.08,34.37,0.04,460.24,33.67,2.27,0,0.03,4.74,49.2,0.574,STN014.460.fil.dura.r1,460,STN014,Intermediate,Mid,WW-CDW,Inflow,Dotson,True.Sample,High,1,NA,NA,NA,NA,NA,NA,NA,Inflow?,FALSE
-74.23,-112.08,34.37,0.04,460.24,33.67,2.27,0,0.03,4.74,49.2,0.574,STN014.460.fil.dura.r2,460,STN014,Intermediate,Mid,WW-CDW,Inflow,Dotson,True.Sample,High,2,NA,NA,NA,NA,NA,NA,NA,NA,FALSE
-74.23,-112.08,34.05,-1.42,299.96,31.82,2.18,0.01,0.11,6.18,44.2,0.678,STN014.300.pre.poly.3.LG,300,STN014,Intermediate,Mid-Surface,WW,Inflow,Dotson,True.Sample,High,NA,Dotson_CC,NA,NA,transect3,5,NA,NA,NA,FALSE
-74.23,-112.08,34.05,-1.42,299.96,31.82,2.18,0.01,0.11,6.18,44.2,0.678,STN014.300.fil.dura.r1,300,STN014,Intermediate,Mid-Surface,WW,Inflow,Dotson,True.Sample,High,1,Dotson_CC,NA,NA,transect3,5,NA,NA,NA,FALSE
-74.23,-112.08,34.05,-1.42,299.96,31.82,2.18,0.01,0.11,6.18,44.2,0.678,STN014.300.fil.dura.r2,300,STN014,Intermediate,Mid-Surface,WW,Inflow,Dotson,True.Sample,High,2,Dotson_CC,NA,NA,transect3,5,NA,NA,may have mixed up bottles and combined 200 and 300 m,FALSE
-74.23,-112.08,33.84,-1.13,40.16,26.63,1.87,0.06,0.16,7.52,45.5,0.141,STN014.40.pre.poly.3.LG,40,STN014,Surface,Surface,AASW,Inflow,Dotson,True.Sample,Low,NA,Dotson_CC,NA,NA,transect3,5,NA,NA,NA,FALSE
-74.23,-112.08,33.84,-1.13,40.17,26.63,1.87,0.06,0.16,7.53,45.5,0.141,STN014.40.fil.dura.r1,40,STN014,Surface,Surface,AASW,Inflow,Dotson,True.Sample,Low,1,Dotson_CC,NA,NA,transect3,5,NA,NA,37 um pre-filter to Becky,FALSE
-74.23,-112.08,33.84,-1.13,40.17,26.63,1.87,0.06,0.16,7.53,45.5,0.141,STN014.40.fil.dura.r2,40,STN014,Surface,Surface,AASW,Inflow,Dotson,True.Sample,Low,2,Dotson_CC,NA,NA,transect3,5,NA,NA,37 um pre-filter to Becky,FALSE
Blank,Blank,Blank,Blank,Blank,Blank,Blank,Blank,Blank,Blank,,NA,KITBL.r8,Blank,Blank,Blank,Blank,NA,Blank,Blank,Control.Sample,NA,NA,Blank,NA,Blank,NA,NA,NA,NA,Blank,TRUE
-74.15,-111.9,34.44,0.13,499.3,33.69,2.32,0.01,0.08,4.8,39.6,0.513,STN20.499.pre.poly.3.LG,499,STN20,Bottom_water,Bottom,CDW,Inflow,Eastern_CC,True.Sample,High,NA,Inflow,NA,Inflow,NA,NA,NA,NA,NA,FALSE
-74.15,-111.9,34.44,0.13,499.31,33.69,2.32,0.01,0.08,4.8,39.6,0.513,STN20.499.fil.dura.r1,499,STN20,Bottom_water,Bottom,CDW,Inflow,Eastern_CC,True.Sample,High,1,Inflow,NA,Inflow,NA,NA,NA,NA,NA,FALSE
-74.15,-111.9,34.44,0.13,499.31,33.69,2.32,0.01,0.08,4.8,39.6,0.513,STN20.499.fil.dura.r2,480,STN20,Bottom_water,Bottom,CDW,Inflow,Eastern_CC,True.Sample,High,2,Inflow,NA,Inflow,NA,NA,NA,NA,NA,FALSE
-74.15,-111.9,33.99,-1.52,174.86,30.89,2.12,0.06,0.23,6.42,38.6,0.406,STN20.175.pre.poly.3.LG,175,STN20,Intermediate,Mid,WW,Inflow,Eastern_CC,True.Sample,Low,NA,Eastern_CC,NA,NA,transect3,4,NA,NA,NA,FALSE
-74.15,-111.9,33.99,-1.53,174.87,30.89,2.12,0.06,0.23,6.37,38.6,0.406,STN20.175.fil.dura.r1,175,STN20,Intermediate,Mid,WW,Inflow,Eastern_CC,True.Sample,Low,1,Eastern_CC,NA,NA,transect3,4,NA,NA,NA,FALSE
-74.15,-111.9,33.99,-1.53,174.88,30.89,2.12,0.06,0.23,6.39,38.6,0.406,STN20.175.fil.dura.r2,175,STN20,Intermediate,Mid,WW,Inflow,Eastern_CC,True.Sample,Low,2,Eastern_CC,NA,NA,transect3,4,NA,NA,NA,FALSE
-74.15,-111.9,33.81,-1.19,24.93,26.6,1.86,0.04,0.18,7.55,77.6,0.164,STN20.25.pre.poly.3.LG,25,STN20,Surface,Surface,AASW-WW,Inflow,Eastern_CC,True.Sample,Low,NA,Eastern_CC,NA,NA,transect3,4,NA,NA,NA,FALSE
-74.15,-111.9,33.8,-1.18,24.93,26.6,1.86,0.04,0.18,7.57,77.6,0.164,STN20.25.fil.dura.r1,25,STN20,Surface,Surface,AASW-WW,Inflow,Eastern_CC,True.Sample,Low,1,Eastern_CC,NA,NA,transect3,4,NA,NA,did not seal,FALSE
-74.15,-111.9,33.8,-1.18,24.93,26.6,1.86,0.04,0.18,7.57,77.6,0.164,STN20.25.fil.dura.r2,25,STN20,Surface,Surface,AASW-WW,Inflow,Eastern_CC,True.Sample,Low,2,Eastern_CC,NA,NA,transect3,4,NA,NA,NA,FALSE
Blank,Blank,Blank,Blank,Blank,Blank,Blank,Blank,Blank,Blank,NA,NA,KITBL.r3,Blank,Blank,Blank,Blank,NA,Blank,Blank,Control.Sample,NA,NA,Blank,Blank,Blank,NA,NA,NA,NA,NA,TRUE
-71.99998,-119.39896,33.24,-1.06,19.97,13.57,1.19,0.09,2.07,8.32,58.2,0.163,STN198.20.fil.poly.S,20,STN198,Surface,Surface,AASW,Open_polynya,Cont_Shelf,True.Sample,Low,1,NA,NA,NA,NA,NA,NA,NA,NA,FALSE
PosCtrl,PosCtrl,PosCtrl,PosCtrl,PosCtrl,PosCtrl,PosCtrl,PosCtrl,PosCtrl,PosCtrl,NA,NA,PCR.pos.r2,PosCtrl,PosCtrl,PosCtrl,PosCtrl,NA,PosCtrl,PosCtrl,Control.Sample,NA,NA,Blank,Blank,Blank,NA,NA,NA,NA,NA,TRUE
NegCtrl,NegCtrl,NegCtrl,NegCtrl,NegCtrl,NegCtrl,NegCtrl,NegCtrl,NegCtrl,NegCtrl,NA,NA,PCR.neg.r2,NegCtrl,NegCtrl,NegCtrl,NegCtrl,NA,NegCtrl,NegCtrl,Control.Sample,NA,NA,Blank,Blank,Blank,NA,NA,NA,NA,NA,TRUE
-74.1753,-113.34488,34.38,0.1,609.9,33.37,2.3,0.01,0.05,4.73,43.5,0.516,STN22.610.pre.poly.3.LG,610,STN22,Bottom_water,Bottom,CDW,Outflow,Dotson,True.Sample,High,NA,NA,NA,NA,NA,NA,NA,NA,NA,FALSE
-74.1753,-113.34488,34.38,0.1,609.94,33.37,2.3,0.01,0.05,4.73,43.5,0.516,STN22.610.fil.dura.r1,610,STN22,Bottom_water,Bottom,CDW,Outflow,Dotson,True.Sample,High,1,NA,NA,NA,NA,NA,NA,NA,NA,FALSE
-74.1753,-113.34488,34.38,0.1,609.94,33.37,2.3,0.01,0.05,4.73,43.5,0.516,STN22.610.fil.dura.r2,610,STN22,Bottom_water,Bottom,CDW,Outflow,Dotson,True.Sample,High,2,NA,NA,NA,NA,NA,NA,NA,NA,FALSE
-74.1753,-113.34488,34.31,-0.11,465.11,33.39,2.3,0,0.08,4.79,41.2,0.643,STN22.465.pre.poly.3.LG,465,STN22,Bottom_water,Mid-Bottom,WW-CDW,Outflow,Dotson,True.Sample,High,NA,Outflow,NA,Outflow,NA,NA,transect2,1,NA,FALSE
-74.1753,-113.34488,34.31,-0.12,465.16,33.39,2.3,0,0.08,4.79,41.2,0.643,STN22.465.fil.dura.r1,465,STN22,Bottom_water,Mid-Bottom,WW-CDW,Outflow,Dotson,True.Sample,High,1,Outflow,NA,Outflow,NA,NA,transect2,1,NA,FALSE
-74.1753,-113.34488,34.31,-0.12,465.16,33.39,2.3,0,0.08,4.79,41.2,0.643,STN22.465.fil.dura.r2,465,STN22,Bottom_water,Mid-Bottom,WW-CDW,Outflow,Dotson,True.Sample,High,2,Outflow,NA,Outflow,NA,NA,transect2,1,NA,FALSE
-74.1753,-113.34488,34.17,-0.48,325.1,33.34,2.29,0.01,0.12,4.91,42.3,0.573,STN22.325.pre.poly.3.LG,325,STN22,Intermediate,Mid,WW-CDW,Outflow,Dotson,True.Sample,High,NA,Outflow,NA,Outflow,NA,NA,transect2,1,NA,FALSE
-74.1753,-113.34488,34.17,-0.48,325.09,33.34,2.29,0.01,0.12,4.9,42.3,0.573,STN22.325.fil.dura.r1,325,STN22,Intermediate,Mid,WW-CDW,Outflow,Dotson,True.Sample,High,1,Outflow,NA,Outflow,NA,NA,transect2,1,NA,FALSE
-74.1753,-113.34488,34.17,-0.48,325.09,33.34,2.29,0.01,0.12,4.9,42.3,0.573,STN22.325.fil.dura.r2,325,STN22,Intermediate,Mid,WW-CDW,Outflow,Dotson,True.Sample,High,2,Outflow,NA,Outflow,NA,NA,transect2,1,NA,FALSE
-74.1753,-113.34488,34.09,-0.69,250.32,33.16,2.28,0,0.06,5,43.5,0.572,STN22.250.pre.poly.3.LG,250,STN22,Intermediate,Mid,WW-CDW,Outflow,Dotson,True.Sample,High,NA,Outflow,46.9,Outflow,NA,NA,transect2,1,NA,FALSE
-74.1753,-113.34488,34.09,-0.69,250.3,33.16,2.28,0,0.06,5,43.5,0.572,STN22.250.fil.dura.r1,250,STN22,Intermediate,Mid,WW-CDW,Outflow,Dotson,True.Sample,High,1,Outflow,46.9,Outflow,NA,NA,transect2,1,NA,FALSE
-74.1753,-113.34488,34.09,-0.69,250.3,33.16,2.28,0,0.06,5,43.5,0.572,STN22.250.fil.dura.r2,250,STN22,Intermediate,Mid,WW-CDW,Outflow,Dotson,True.Sample,High,2,Outflow,46.9,Outflow,NA,NA,transect2,1,NA,FALSE
-74.1753,-113.34488,34,-0.94,150.28,33.08,2.29,0.01,0.08,5.1,39.1,0.617,STN22.150.pre.poly.3.LG,150,STN22,Intermediate,Mid-Surface,WW-CDW,Outflow,Dotson,True.Sample,High,NA,Outflow,25.4,Outflow,NA,NA,transect2,1,NA,FALSE
-74.1753,-113.34488,34,-0.95,150.29,33.08,2.29,0.01,0.08,5.1,39.1,0.617,STN22.150.fil.dura.r1,150,STN22,Intermediate,Mid-Surface,WW-CDW,Outflow,Dotson,True.Sample,High,1,Outflow,25.4,Outflow,NA,NA,transect2,1,NA,FALSE
-74.1753,-113.34488,34,-0.95,150.29,33.08,2.29,0.01,0.08,5.1,39.1,0.617,STN22.150.fil.dura.r2,150,STN22,Intermediate,Mid-Surface,WW-CDW,Outflow,Dotson,True.Sample,High,2,Outflow,25.4,Outflow,NA,NA,transect2,1,NA,FALSE
-74.1753,-113.34488,33.88,-1.27,1.68,32.44,2.25,0.02,0.08,5.49,37.8,0.73,STN22.2.pre.poly.3.LG,2,STN22,Surface,Surface,WW-CDW,Outflow,Dotson,True.Sample,High,NA,NA,NA,NA,NA,NA,NA,NA,NA,FALSE
-74.1753,-113.34488,33.88,-1.27,1.65,32.44,2.25,0.02,0.08,5.47,37.8,0.73,STN22.2.fil.dura.r1,2,STN22,Surface,Surface,WW-CDW,Outflow,Dotson,True.Sample,High,1,NA,NA,NA,NA,NA,NA,NA,NA,FALSE
-74.1753,-113.34488,33.88,-1.27,1.65,32.44,2.25,0.02,0.08,5.47,37.8,0.73,STN22.2.fil.dura.r2,2,STN22,Surface,Surface,WW-CDW,Outflow,Dotson,True.Sample,High,2,NA,NA,NA,NA,NA,NA,NA,NA,FALSE
Blank,Blank,Blank,Blank,Blank,Blank,Blank,Blank,Blank,Blank,NA,NA,KITBL.r4,Blank,Blank,Blank,Blank,NA,Blank,Blank,Control.Sample,NA,NA,Blank,Blank,Blank,NA,NA,NA,NA,NA,TRUE
-74.18,-113.34,34.15,-0.56,310.26,33.29,2.24,0.01,0.18,4.96,42.4,0.642,STN056a.310.pre.poly.3.LG,310,STN056a,Bottom_water,Bottom,WW-CDW,Outflow,Dotson,True.Sample,High,NA,Outflow,NA,Outflow,NA,NA,transect2,1,NA,FALSE
-74.18,-113.34,34.15,-0.55,310.32,33.29,2.24,0.01,0.18,4.98,42.4,0.642,STN056a.310.fil.dura.r1,310,STN056a,Bottom_water,Bottom,WW-CDW,Outflow,Dotson,True.Sample,High,1,Outflow,NA,Outflow,NA,NA,transect2,1,NA,FALSE
-74.18,-113.34,34.15,-0.55,310.32,33.29,2.24,0.01,0.18,4.98,42.4,0.642,STN056a.310.fil.dura.r2,310,STN056a,Bottom_water,Bottom,WW-CDW,Outflow,Dotson,True.Sample,High,2,Outflow,NA,Outflow,NA,NA,transect2,1,NA,FALSE
-74.18,-113.34,33.96,-1.25,169.9,32.64,2.2,0.02,0.09,5.65,42.4,0.591,STN056a.170.pre.poly.3.LG,170,STN056a,Intermediate,Mid-Bottom,WW-CDW,Outflow,Dotson,True.Sample,High,NA,Outflow,NA,Outflow,transect3,7,transect2,1,NA,FALSE
-74.18,-113.34,33.96,-1.23,169.9,32.64,2.2,0.02,0.09,5.49,42.4,0.591,STN056a.170.fil.dura.r1,170,STN056a,Intermediate,Mid-Bottom,WW-CDW,Outflow,Dotson,True.Sample,High,1,Outflow,NA,Outflow,transect3,7,transect2,1,NA,FALSE
-74.18,-113.34,33.96,-1.23,169.95,32.64,2.2,0.02,0.09,5.46,42.4,0.591,STN056a.170.fil.dura.r2,170,STN056a,Intermediate,Mid-Bottom,WW-CDW,Outflow,Dotson,True.Sample,High,2,Outflow,NA,Outflow,transect3,7,transect2,1,NA,FALSE
-74.18,-113.34,33.93,-1.27,149.87,32.56,2.18,0.02,0.15,5.42,44.5,0.748,STN056a.150.pre.poly.3.LG,150,STN056a,Intermediate,Mid,WW-CDW,Outflow,Dotson,True.Sample,High,NA,Outflow,NA,Outflow,transect3,7,NA,NA,NA,FALSE
-74.18,-113.34,33.93,-1.26,149.86,32.56,2.18,0.02,0.15,5.39,44.5,0.748,STN056a.150.fil.dura.r1,150,STN056a,Intermediate,Mid,WW-CDW,Outflow,Dotson,True.Sample,High,1,Outflow,NA,Outflow,transect3,7,NA,NA,NA,FALSE
-74.18,-113.34,33.93,-1.26,149.86,32.56,2.18,0.02,0.15,5.39,44.5,0.748,STN056a.150.fil.dura.r2,150,STN056a,Intermediate,Mid,WW-CDW,Outflow,Dotson,True.Sample,High,2,Outflow,NA,Outflow,transect3,7,NA,NA,NA,FALSE
-74.18,-113.34,33.88,-1.37,99.81,32.6,2.19,0.02,0.15,5.41,50.2,NA,STN056a.100.pre.poly.3.LG,100,STN056a,Intermediate,Mid-Surface,WW-CDW,Outflow,Dotson,True.Sample,NA,NA,Dotson_CC,NA,NA,transect3,7,NA,NA,NA,FALSE
-74.18,-113.34,33.88,-1.38,99.86,32.6,2.19,0.02,0.15,5.44,50.2,NA,STN056a.100.fil.dura.r1,100,STN056a,Intermediate,Mid-Surface,WW-CDW,Outflow,Dotson,True.Sample,NA,1,Dotson_CC,NA,NA,transect3,7,NA,NA,NA,FALSE
-74.18,-113.34,33.88,-1.38,99.86,32.6,2.19,0.02,0.15,5.44,50.2,NA,STN056a.100.fil.dura.r2,100,STN056a,Intermediate,Mid-Surface,WW-CDW,Outflow,Dotson,True.Sample,NA,2,Dotson_CC,NA,NA,transect3,7,NA,NA,NA,FALSE
Blank,Blank,Blank,Blank,Blank,Blank,Blank,Blank,Blank,Blank,,NA,KITBL.r5,Blank,Blank,Blank,Blank,NA,Blank,Blank,Control.Sample,NA,NA,Blank,Blank,Blank,NA,NA,NA,NA,NA,TRUE
-74.18,-113.34,34.27,-0.29,409.58,0,0,0,0,4.9,NA,0.636,STN056b.410.pre.poly.3.LG,410,STN056b,Bottom_water,Bottom,WW-CDW,Outflow,Dotson,True.Sample,High,NA,Outflow,NA,Outflow,NA,NA,transect2,1,NA,FALSE
-74.18,-113.34,34.27,-0.29,409.58,0,0,0,0,4.9,NA,0.636,STN056b.410.fil.dura.r1,410,STN056b,Bottom_water,Bottom,WW-CDW,Outflow,Dotson,True.Sample,High,1,Outflow,NA,Outflow,NA,NA,transect2,1,NA,FALSE
-74.18,-113.34,34.27,-0.29,409.58,0,0,0,0,4.9,NA,0.636,STN056b.410.fil.dura.r2,410,STN056b,Bottom_water,Bottom,WW-CDW,Outflow,Dotson,True.Sample,High,2,Outflow,NA,Outflow,NA,NA,transect2,1,NA,FALSE
-74.18,-113.34,34.26,-0.37,390.21,0,0,0,0,4.98,NA,0.577,STN056b.390.pre.poly.3.LG,390,STN056b,Bottom_water,Bottom,WW-CDW,Outflow,Dotson,True.Sample,High,NA,Outflow,NA,Outflow,NA,NA,transect2,1,NA,FALSE
-74.18,-113.34,34.26,-0.37,390.21,0,0,0,0,4.98,NA,0.577,STN056b.390.fil.dura.r1,390,STN056b,Bottom_water,Bottom,WW-CDW,Outflow,Dotson,True.Sample,High,1,Outflow,NA,Outflow,NA,NA,transect2,1,NA,FALSE
-74.18,-113.34,34.26,-0.37,390.21,0,0,0,0,4.98,NA,0.577,STN056b.390.fil.dura.r2,390,STN056b,Bottom_water,Bottom,WW-CDW,Outflow,Dotson,True.Sample,High,2,Outflow,NA,Outflow,NA,NA,transect2,1,NA,FALSE
-74.18,-113.34,34.23,-0.47,349.7,0,0,0,0,5.03,NA,0.628,STN056b.350.pre.poly.3.LG,350,STN056b,Intermediate,Mid-Bottom,WW-CDW,Outflow,Dotson,True.Sample,High,NA,Outflow,NA,Outflow,NA,NA,transect2,1,NA,FALSE
-74.18,-113.34,34.23,-0.47,349.7,0,0,0,0,5.03,NA,0.628,STN056b.350.fil.dura.r1,350,STN056b,Intermediate,Mid-Bottom,WW-CDW,Outflow,Dotson,True.Sample,High,1,Outflow,NA,Outflow,NA,NA,transect2,1,NA,FALSE
-74.18,-113.34,34.23,-0.47,349.7,0,0,0,0,5.03,NA,0.628,STN056b.350.fil.dura.r2,350,STN056b,Intermediate,Mid-Bottom,WW-CDW,Outflow,Dotson,True.Sample,High,2,Outflow,NA,Outflow,NA,NA,transect2,1,NA,FALSE
-74.18,-113.34,34.01,-1.19,189.84,0,0,0,0,5.35,NA,0.536,STN056b.190.pre.poly.3.LG,190,STN056b,Intermediate,Mid,WW-CDW,Outflow,Dotson,True.Sample,High,NA,Outflow,NA,Outflow,transect3,7,transect2,1,NA,FALSE
-74.18,-113.34,34.01,-1.19,189.84,0,0,0,0,5.35,NA,0.536,STN056b.190.fil.dura.r1,190,STN056b,Intermediate,Mid,WW-CDW,Outflow,Dotson,True.Sample,High,1,Outflow,NA,Outflow,transect3,7,transect2,1,NA,FALSE
-74.18,-113.34,34.01,-1.19,189.84,0,0,0,0,5.35,NA,0.536,STN056b.190.fil.dura.r2,190,STN056b,Intermediate,Mid,WW-CDW,Outflow,Dotson,True.Sample,High,2,Outflow,NA,Outflow,transect3,7,transect2,1,NA,FALSE
-74.18,-113.34,33.88,-1.45,90.06,0,0,0,0,5.49,NA,0.588,STN056b.90.pre.poly.3.LG,90,STN056b,Intermediate,Mid-Surface,WW,Outflow,Dotson,True.Sample,High,NA,Dotson_CC,NA,NA,transect3,7,NA,NA,NA,FALSE
-74.18,-113.34,33.88,-1.45,90.06,0,0,0,0,5.49,NA,0.588,STN056b.90.fil.dura.r1,90,STN056b,Intermediate,Mid-Surface,WW,Outflow,Dotson,True.Sample,High,1,Dotson_CC,NA,NA,transect3,7,NA,NA,NA,FALSE
-74.18,-113.34,33.88,-1.45,90.06,0,0,0,0,5.49,NA,0.588,STN056b.90.fil.dura.r2,90,STN056b,Intermediate,Mid-Surface,WW,Outflow,Dotson,True.Sample,High,2,Dotson_CC,NA,NA,transect3,7,NA,NA,NA,FALSE
-74.18,-113.34,33.81,-1.36,30.17,0,0,0,0,6.59,NA,0.499,STN056b.30.pre.poly.3.LG,30,STN056b,Surface,Surface,AASW-WW,Outflow,Dotson,True.Sample,Low,NA,Dotson_CC,NA,NA,transect3,7,NA,NA,NA,FALSE
-74.18,-113.34,33.81,-1.36,30.17,0,0,0,0,6.59,NA,0.499,STN056b.30.fil.dura.r1,30,STN056b,Surface,Surface,AASW-WW,Outflow,Dotson,True.Sample,Low,1,Dotson_CC,NA,NA,transect3,7,NA,NA,NA,FALSE
-74.18,-113.34,33.81,-1.36,30.17,0,0,0,0,6.59,NA,0.499,STN056b.30.fil.dura.r2,30,STN056b,Surface,Surface,AASW-WW,Outflow,Dotson,True.Sample,Low,2,Dotson_CC,NA,NA,transect3,7,NA,NA,NA,FALSE
Blank,Blank,Blank,Blank,Blank,Blank,Blank,Blank,Blank,Blank,,NA,KITBL.r12,Blank,Blank,Blank,Blank,NA,Blank,Blank,Control.Sample,NA,NA,Blank,Blank,Blank,NA,NA,NA,NA,NA,TRUE
-74.02906,-113.34464,34.11,-0.71,256.59,33.16,2.23,0.02,0.19,5.09,55.5,0.511,STN068.257.pre.poly.3.LG,257,STN068,Bottom_water,Bottom,WW-CDW,Outflow,Western_CC,True.Sample,High,NA,Outflow,NA,Outflow,NA,NA,transect2,2,NA,FALSE
-74.02906,-113.34464,34.1,-0.71,256.6,33.16,2.23,0.02,0.19,5.07,55.5,0.511,STN068.257.fil.dura.r1,257,STN068,Bottom_water,Bottom,WW-CDW,Outflow,Western_CC,True.Sample,High,1,Outflow,NA,Outflow,NA,NA,transect2,2,NA,FALSE
-74.02906,-113.34464,34.1,-0.71,256.6,33.16,2.23,0.02,0.19,5.07,55.5,0.511,STN068.257.fil.dura.r2,257,STN068,Bottom_water,Bottom,WW-CDW,Outflow,Western_CC,True.Sample,High,2,Outflow,NA,Outflow,NA,NA,transect2,2,NA,FALSE
PosCtrl,PosCtrl,PosCtrl,PosCtrl,PosCtrl,PosCtrl,PosCtrl,PosCtrl,PosCtrl,PosCtrl,NA,NA,PCR.pos.r3,PosCtrl,PosCtrl,PosCtrl,PosCtrl,NA,PosCtrl,PosCtrl,Control.Sample,NA,NA,Blank,Blank,Blank,NA,NA,NA,NA,NA,TRUE
NegCtrl,NegCtrl,NegCtrl,NegCtrl,NegCtrl,NegCtrl,NegCtrl,NegCtrl,NegCtrl,NegCtrl,NA,NA,PCR.neg.r3,NegCtrl,NegCtrl,NegCtrl,NegCtrl,NA,NegCtrl,NegCtrl,Control.Sample,NA,NA,Blank,Blank,Blank,NA,NA,NA,NA,NA,TRUE
-74.02906,-113.34464,34.05,-0.9,189.6,32.08,2.19,0.02,0.27,5.23,51.4,0.493,STN068.190.pre.poly.3.LG,190,STN068,Intermediate,Mid,WW-CDW,Outflow,Western_CC,True.Sample,Low,NA,Western_CC,NA,Outflow,transect3,8,transect2,2,NA,FALSE
-74.02906,-113.34464,34.05,-0.92,189.62,32.08,2.19,0.02,0.27,5.2,51.4,0.493,STN068.190.fil.dura.r1,190,STN068,Intermediate,Mid,WW-CDW,Outflow,Western_CC,True.Sample,Low,1,Western_CC,NA,Outflow,transect3,8,transect2,2,NA,FALSE
-74.02906,-113.34464,34.05,-0.92,189.62,32.08,2.19,0.02,0.27,5.2,51.4,0.493,STN068.190.fil.dura.r2,190,STN068,Intermediate,Mid,WW-CDW,Outflow,Western_CC,True.Sample,Low,2,Western_CC,NA,Outflow,transect3,8,transect2,2,NA,FALSE
-74.02906,-113.34464,33.9,-1.34,90.03,32.09,2.19,0.03,0.09,5.72,44.1,0.133,STN068.90.pre.poly.3.LG,90,STN068,Intermediate,Mid-Surface,WW-CDW,Outflow,Western_CC,True.Sample,Low,NA,Western_CC,NA,Outflow,transect3,8,transect2,2,NA,FALSE
-74.02906,-113.34464,33.89,-1.35,90.04,32.09,2.19,0.03,0.09,5.81,44.1,0.133,STN068.90.fil.dura.r1,90,STN068,Intermediate,Mid-Surface,WW-CDW,Outflow,Western_CC,True.Sample,Low,1,Western_CC,NA,Outflow,transect3,8,transect2,2,NA,FALSE
-74.02906,-113.34464,33.89,-1.35,90.04,32.09,2.19,0.03,0.09,5.82,44.1,0.133,STN068.90.fil.dura.r2,90,STN068,Intermediate,Mid-Surface,WW-CDW,Outflow,Western_CC,True.Sample,Low,2,Western_CC,NA,Outflow,transect3,8,transect2,2,NA,FALSE
-74.02906,-113.34464,33.79,-1.03,30.17,20.94,1.62,0.05,0.19,8.49,44.6,0.133,STN068.30.pre.poly.3.LG,90,STN068,Surface,Surface,AASW,Outflow,Western_CC,True.Sample,Low,NA,Western_CC,NA,NA,transect3,8,transect2,2,NA,FALSE
-74.02906,-113.34464,33.79,-1.03,30.18,20.94,1.62,0.05,0.19,8.57,44.6,NA,STN068.30.fil.dura.r1,30,STN068,Surface,Surface,AASW,Outflow,Western_CC,True.Sample,NA,1,Western_CC,NA,NA,transect3,8,transect2,2,NA,FALSE
-74.02906,-113.34464,33.79,-1.03,30.18,20.94,1.62,0.05,0.19,8.57,44.6,NA,STN068.30.fil.dura.r2,30,STN068,Surface,Surface,AASW,Outflow,Western_CC,True.Sample,NA,2,Western_CC,NA,NA,transect3,8,transect2,2,NA,FALSE
Blank,Blank,Blank,Blank,Blank,Blank,Blank,Blank,Blank,Blank,,NA,KITBL.r13,Blank,Blank,Blank,Blank,NA,Blank,Blank,Control.Sample,NA,NA,Blank,Blank,Blank,NA,NA,NA,NA,NA,TRUE
-74.2288,-112.68502,34.54,0.48,1039.6,32.92,2.28,0.01,0.24,4.58,39.6,0.553,STN078.1040.pre.poly.3.LG,1040,STN078,Bottom_water,Bottom,CDW,Coastal_current,Dotson,True.Sample,High,NA,NA,NA,NA,NA,NA,NA,NA,NA,FALSE
-74.2288,-112.68502,34.54,0.48,1039.31,32.92,2.28,0.01,0.24,4.59,39.6,0.553,STN078.1040.fil.dura.r1,1039,STN078,Bottom_water,Bottom,CDW,Coastal_current,Dotson,True.Sample,High,1,NA,NA,NA,NA,NA,NA,NA,NA,FALSE
-74.2288,-112.68502,34.54,0.48,1039.31,32.92,2.28,0.01,0.24,4.59,39.6,0.553,STN078.1040.fil.dura.r2,1039,STN078,Bottom_water,Bottom,CDW,Coastal_current,Dotson,True.Sample,High,2,NA,NA,NA,NA,NA,NA,NA,NA,FALSE
-74.2288,-112.68502,34.28,-0.32,439.86,32.91,2.23,0.01,0.46,5,41.2,0.478,STN078.440.pre.poly.3.LG,440,STN078,Intermediate,Mid,WW-CDW,Coastal_current,Dotson,True.Sample,Low,NA,NA,13.1,NA,NA,NA,NA,NA,NA,FALSE
-74.2288,-112.68502,34.28,-0.33,439.87,32.91,2.23,0.01,0.46,5,41.2,0.478,STN078.440.fil.dura.r1,440,STN078,Intermediate,Mid,WW-CDW,Coastal_current,Dotson,True.Sample,Low,1,NA,13.1,NA,NA,NA,NA,NA,NA,FALSE
-74.2288,-112.68502,34.28,-0.33,439.87,32.91,2.23,0.01,0.46,5,41.2,0.478,STN078.440.fil.dura.r2,440,STN078,Intermediate,Mid,WW-CDW,Coastal_current,Dotson,True.Sample,Low,2,NA,13.1,NA,NA,NA,NA,NA,NA,FALSE
-74.2288,-112.68502,34.06,-1.39,299.57,31.71,2.17,0.03,0.13,6.16,,0.436,STN078.300.pre.poly.3.LG,300,STN078,Intermediate,Mid,WW-CDW,Coastal_current,Dotson,True.Sample,Low,NA,NA,9.9,NA,NA,NA,NA,NA,NA,FALSE
-74.2288,-112.68502,34.06,-1.4,299.78,31.71,2.17,0.03,0.13,6.16,NA,0.436,STN078.300.fil.dura.r1,300,STN078,Intermediate,Mid,WW-CDW,Coastal_current,Dotson,True.Sample,Low,1,NA,9.9,NA,NA,NA,NA,NA,NA,FALSE
-74.2288,-112.68502,34.06,-1.4,299.78,31.71,2.17,0.03,0.13,6.16,NA,0.436,STN078.300.fil.dura.r2,300,STN078,Intermediate,Mid,WW-CDW,Coastal_current,Dotson,True.Sample,Low,2,NA,9.9,NA,NA,NA,NA,NA,NA,FALSE
-74.2288,-112.68502,33.97,-1.5,180.12,30,2.09,0.06,0.41,6.34,47.4,0.359,STN078.180.pre.poly.3.LG,180,STN078,Intermediate,Mid,WW,Coastal_current,Dotson,True.Sample,Low,NA,Dotson_CC,NA,NA,transect3,6,NA,NA,NA,FALSE
-74.2288,-112.68502,33.93,-1.44,100.24,30.54,2.11,0.05,0.41,6.28,NA,0.266,STN078.100.pre.poly.3.LG,100,STN078,Intermediate,Mid-Surface,WW,Coastal_current,Dotson,True.Sample,Low,NA,Dotson_CC,4,NA,transect3,6,NA,NA,NA,FALSE
-74.2288,-112.68502,33.93,-1.44,100.26,30.54,2.11,0.05,0.41,6.28,NA,0.266,STN078.100.fil.dura.r1,100,STN078,Intermediate,Mid-Surface,WW,Coastal_current,Dotson,True.Sample,Low,1,Dotson_CC,4,NA,transect3,6,NA,NA,NA,FALSE
-74.2288,-112.68502,33.93,-1.44,100.26,30.54,2.11,0.05,0.41,6.28,NA,0.266,STN078.100.fil.dura.r2,100,STN078,Intermediate,Mid-Surface,WW,Coastal_current,Dotson,True.Sample,Low,2,Dotson_CC,4,NA,transect3,6,NA,NA,NA,FALSE
-74.2288,-112.68502,33.83,-1.31,19.87,27.72,1.97,0.05,0.34,7.03,54.2,0.122,STN078.20.pre.poly.3.LG,20,STN078,Surface,Surface,AASW-WW,Coastal_current,Dotson,True.Sample,Low,NA,Dotson_CC,1.9,NA,transect3,6,NA,NA,NA,FALSE
-74.2288,-112.68502,33.83,-1.31,19.79,27.72,1.97,0.05,0.34,7.05,54.2,0.122,STN078.20.fil.dura.r1,20,STN078,Surface,Surface,AASW-WW,Coastal_current,Dotson,True.Sample,Low,1,Dotson_CC,1.9,NA,transect3,6,NA,NA,NA,FALSE
-74.2288,-112.68502,33.83,-1.31,19.79,27.72,1.97,0.05,0.34,7.05,54.2,0.122,STN078.20.fil.dura.r2,20,STN078,Surface,Surface,AASW-WW,Coastal_current,Dotson,True.Sample,Low,2,Dotson_CC,1.9,NA,transect3,6,NA,NA,NA,FALSE
Blank,Blank,Blank,Blank,Blank,Blank,Blank,Blank,Blank,Blank,,NA,KITBL.r14,Blank,Blank,Blank,Blank,NA,Blank,Blank,Control.Sample,NA,NA,Blank,Blank,Blank,NA,NA,NA,NA,NA,TRUE
-74.39296,-110.08594,34.7,1.11,1271.26,38.6,2.7,0.01,0.48,4.31,43.8,0.399,STN089.1271.pre.poly.3.LG,1271,STN089,Bottom_water,Bottom,CDW,Coastal_current,Eastern_CC,True.Sample,Low,NA,NA,NA,NA,NA,NA,NA,NA,NA,FALSE
-74.39296,-110.08594,34.7,1.11,1271.26,38.6,2.7,0.01,0.48,4.31,43.8,0.399,STN089.1271.fil.dura.r1,1271,STN089,Bottom_water,Bottom,CDW,Coastal_current,Eastern_CC,True.Sample,Low,1,NA,NA,NA,NA,NA,NA,NA,NA,FALSE
-74.39296,-110.08594,34.7,1.11,1271.26,38.6,2.7,0.01,0.48,4.31,43.8,0.399,STN089.1271.fil.dura.r2,1271,STN089,Bottom_water,Bottom,CDW,Coastal_current,Eastern_CC,True.Sample,Low,2,NA,NA,NA,NA,NA,NA,NA,NA,FALSE
-74.39296,-110.08594,34.34,-0.11,500.21,38.12,2.69,0.01,0.12,4.94,42.2,0.491,STN089.500.pre.poly.3.LG,500,STN089,Intermediate,Mid-Bottom,WW-CDW,Coastal_current,Eastern_CC,True.Sample,Low,NA,NA,NA,NA,NA,NA,NA,NA,NA,FALSE
-74.39296,-110.08594,34.34,-0.11,500.24,38.12,2.69,0.01,0.12,4.95,42.2,0.491,STN089.500.fil.dura.r1,500,STN089,Intermediate,Mid-Bottom,WW-CDW,Coastal_current,Eastern_CC,True.Sample,Low,1,NA,NA,NA,NA,NA,NA,NA,NA,FALSE
-74.39296,-110.08594,34.34,-0.11,500.24,38.12,2.69,0.01,0.12,4.95,42.2,0.491,STN089.500.fil.dura.r2,500,STN089,Intermediate,Mid-Bottom,WW-CDW,Coastal_current,Eastern_CC,True.Sample,Low,2,NA,NA,NA,NA,NA,NA,NA,NA,FALSE
-74.39296,-110.08594,34.1,-0.77,300.13,37.47,2.62,0.01,0.13,5.18,41.4,0.577,STN089.300.pre.poly.3.LG,300,STN089,Intermediate,Mid,WW-CDW,Coastal_current,Eastern_CC,True.Sample,High,NA,NA,NA,NA,NA,NA,NA,NA,NA,FALSE
-74.39296,-110.08594,34.1,-0.77,300.15,37.47,2.62,0.01,0.13,5.18,41.4,0.577,STN089.300.fil.dura.r1,300,STN089,Intermediate,Mid,WW-CDW,Coastal_current,Eastern_CC,True.Sample,High,1,NA,NA,NA,NA,NA,NA,NA,NA,FALSE
-74.39296,-110.08594,34.1,-0.77,300.15,37.47,2.62,0.01,0.13,5.18,41.4,0.577,STN089.300.fil.dura.r2,300,STN089,Intermediate,Mid,WW-CDW,Coastal_current,Eastern_CC,True.Sample,High,2,NA,NA,NA,NA,NA,NA,NA,NA,FALSE
-74.39296,-110.08594,34.02,-1.03,199.68,37.46,2.59,0.01,0.13,5.3,49.2,0.626,STN089.200.pre.poly.3.LG,200,STN089,Intermediate,Mid-Surface,WW-CDW,Coastal_current,Eastern_CC,True.Sample,High,NA,Eastern_CC,NA,NA,transect3,1,NA,NA,NA,FALSE
-74.39296,-110.08594,34.01,-1.03,199.71,37.46,2.59,0.01,0.13,5.29,49.2,0.626,STN089.200.fil.dura.r1,200,STN089,Intermediate,Mid-Surface,WW-CDW,Coastal_current,Eastern_CC,True.Sample,High,1,Eastern_CC,NA,NA,transect3,1,NA,NA,NA,FALSE
-74.39296,-110.08594,34.01,-1.03,199.71,37.46,2.59,0.01,0.13,5.29,49.2,0.626,STN089.200.fil.dura.r2,200,STN089,Intermediate,Mid-Surface,WW-CDW,Coastal_current,Eastern_CC,True.Sample,High,2,Eastern_CC,NA,NA,transect3,1,NA,NA,NA,FALSE
-74.39296,-110.08594,33.77,-1.53,2.24,36.66,2.58,0.02,0.1,5.65,41.9,0.941,STN089.2.pre.poly.3.LG,2,STN089,Surface,Surface,AASW-WW,Coastal_current,Eastern_CC,True.Sample,High,NA,Eastern_CC,NA,NA,transect3,1,NA,NA,NA,FALSE
-74.39296,-110.08594,33.77,-1.53,2.24,36.66,2.58,0.02,0.1,5.63,41.9,0.941,STN089.2.fil.dura.r1,2,STN089,Surface,Surface,AASW-WW,Coastal_current,Eastern_CC,True.Sample,High,1,Eastern_CC,NA,NA,transect3,1,NA,NA,NA,FALSE
-74.39296,-110.08594,33.77,-1.52,2.24,36.66,2.58,0.02,0.1,5.66,41.9,0.941,STN089.2.fil.dura.r2,2,STN089,Surface,Surface,AASW-WW,Coastal_current,Eastern_CC,True.Sample,High,2,Eastern_CC,NA,NA,transect3,1,NA,NA,NA,FALSE
-74.15912,-111.4394,34.04,-1.35,317.78,36.42,2.56,0.03,0.17,6.05,39.6,0.509,STN106.318.pre.poly.2.LG,318,STN106,Bottom_water,Bottom,WW-CDW,Inflow,Eastern_CC,True.Sample,High,NA,NA,81.3,NA,NA,NA,NA,NA,NA,FALSE
-74.15912,-111.4394,34.04,-1.35,317.74,36.42,2.56,0.03,0.17,6.04,39.6,0.509,STN106.318.fil.dura.r1,318,STN106,Bottom_water,Bottom,WW-CDW,Inflow,Eastern_CC,True.Sample,High,1,NA,81.3,NA,NA,NA,NA,NA,NA,FALSE
-74.15912,-111.4394,34.04,-1.35,317.74,36.42,2.56,0.03,0.17,6.04,39.6,0.509,STN106.318.fil.dura.r2,318,STN106,Bottom_water,Bottom,WW-CDW,Inflow,Eastern_CC,True.Sample,High,2,NA,81.3,NA,NA,NA,NA,NA,NA,FALSE
-74.15912,-111.4394,34,-1.37,200.03,36.23,2.51,0.04,0.22,5.97,NA,NA,STN106.200.pre.poly.3.S,200,STN106,Intermediate,Mid-Bottom,WW-CDW,Inflow,Eastern_CC,True.Sample,NA,NA,Eastern_CC,NA,NA,transect3,3,NA,NA,NA,FALSE
-74.15912,-111.4394,34,-1.37,200.03,36.23,2.51,0.04,0.22,5.97,NA,NA,STN106.200.fil.dura.r1,200,STN106,Intermediate,Mid-Bottom,WW-CDW,Inflow,Eastern_CC,True.Sample,NA,1,Eastern_CC,NA,NA,transect3,3,NA,NA,NA,FALSE
-74.15912,-111.4394,34,-1.37,200.03,36.23,2.51,0.04,0.22,5.97,NA,NA,STN106.200.fil.dura.r2,200,STN106,Intermediate,Mid-Bottom,WW-CDW,Inflow,Eastern_CC,True.Sample,NA,2,Eastern_CC,NA,NA,transect3,3,NA,NA,NA,FALSE
-74.15912,-111.4394,33.98,-1.33,169.81,36.53,2.56,0.04,0.35,5.82,42.1,0.518,STN106.170.pre.poly.2.LG,170,STN106,Intermediate,Mid,WW-CDW,Inflow,Eastern_CC,True.Sample,High,NA,Eastern_CC,15.9,NA,transect3,3,NA,NA,NA,FALSE
-74.15912,-111.4394,33.97,-1.33,169.86,36.53,2.56,0.04,0.35,5.77,42.1,0.518,STN106.170.fil.dura.r1,170,STN106,Intermediate,Mid,WW-CDW,Inflow,Eastern_CC,True.Sample,High,1,Eastern_CC,15.9,NA,transect3,3,NA,NA,NA,FALSE
-74.15912,-111.4394,33.97,-1.33,169.86,36.53,2.56,0.04,0.35,5.77,42.1,0.518,STN106.170.fil.dura.r2,170,STN106,Intermediate,Mid,WW-CDW,Inflow,Eastern_CC,True.Sample,High,2,Eastern_CC,15.9,NA,transect3,3,NA,NA,NA,FALSE
-74.15912,-111.4394,33.87,-1.38,100.3,35.09,2.49,0.03,0.23,6.09,42.5,0.506,STN106.100.pre.poly.3.S,100,STN106,Intermediate,Mid-Surface,Other,Inflow,Eastern_CC,True.Sample,High,NA,Eastern_CC,13.2,NA,transect3,3,NA,NA,NA,FALSE
-74.15912,-111.4394,33.87,-1.38,100.32,35.09,2.49,0.03,0.23,6.05,42.5,0.506,STN106.100.fil.dura.r1,100,STN106,Intermediate,Mid-Surface,Other,Inflow,Eastern_CC,True.Sample,High,1,Eastern_CC,13.2,NA,transect3,3,NA,NA,NA,FALSE
-74.15912,-111.4394,33.87,-1.38,100.32,35.09,2.49,0.03,0.23,6.05,42.5,0.506,STN106.100.fil.dura.r2,100,STN106,Intermediate,Mid-Surface,Other,Inflow,Eastern_CC,True.Sample,High,2,Eastern_CC,13.2,NA,transect3,3,NA,NA,NA,FALSE
-74.15912,-111.4394,33.82,-1.3,19.93,32.61,2.27,0.05,0.16,6.88,42.3,0.174,STN106.20.pre.poly.3.S,20,STN106,Surface,Surface,AASW-WW,Inflow,Eastern_CC,True.Sample,Low,NA,Eastern_CC,NA,NA,transect3,3,NA,NA,NA,FALSE
-74.15912,-111.4394,33.82,-1.3,19.97,32.61,2.27,0.05,0.16,6.97,42.3,0.174,STN106.20.fil.dura.r1,20,STN106,Surface,Surface,AASW-WW,Inflow,Eastern_CC,True.Sample,Low,1,Eastern_CC,NA,NA,transect3,3,NA,NA,NA,FALSE
-74.15912,-111.4394,33.82,-1.3,19.97,32.61,2.27,0.05,0.16,6.97,42.3,0.174,STN106.20.fil.dura.r2,20,STN106,Surface,Surface,AASW-WW,Inflow,Eastern_CC,True.Sample,Low,2,Eastern_CC,NA,NA,transect3,3,NA,NA,NA,FALSE
Blank,Blank,Blank,Blank,Blank,Blank,Blank,Blank,Blank,Blank,NA,NA,KITBL.r1,Blank,Blank,Blank,Blank,NA,Blank,Blank,Control.Sample,NA,NA,Blank,Blank,Blank,NA,NA,NA,NA,NA,TRUE
-73.79998,-112.66742,34.58,0.58,729.92,37.39,2.74,0.02,0.19,4.58,50.7,NA,STN115.730.pre.poly.3.S,730,STN115,Bottom_water,Bottom,CDW,Open_polynya,Open_polynya,True.Sample,NA,NA,NA,NA,NA,NA,NA,transect1,4,NA,FALSE
-73.79998,-112.66742,34.58,0.58,729.92,37.39,2.74,0.02,0.19,4.58,50.7,NA,STN115.730.fil.dura.r1,730,STN115,Bottom_water,Bottom,CDW,Open_polynya,Open_polynya,True.Sample,NA,1,NA,NA,NA,NA,NA,transect1,4,NA,FALSE
-73.79998,-112.66742,34.58,0.58,299.96,37.39,2.74,0.02,0.19,5.96,50.7,NA,STN115.730.fil.dura.r2,730,STN115,Bottom_water,Bottom,WW-CDW,Open_polynya,Open_polynya,True.Sample,NA,2,NA,NA,NA,NA,NA,transect1,4,NA,FALSE
-73.79998,-112.66742,34.17,-1.13,299.96,35.58,2.61,0.02,0.22,5.96,42.9,NA,STN115.300.pre.poly.3.S,300,STN115,Intermediate,Mid-Bottom,WW-CDW,Open_polynya,Open_polynya,True.Sample,NA,NA,NA,NA,NA,NA,NA,NA,NA,NA,FALSE
PosCtrl,PosCtrl,PosCtrl,PosCtrl,PosCtrl,PosCtrl,PosCtrl,PosCtrl,PosCtrl,PosCtrl,NA,NA,PCR.pos.r4,PosCtrl,PosCtrl,PosCtrl,PosCtrl,NA,PosCtrl,PosCtrl,Control.Sample,NA,NA,Blank,Blank,Blank,NA,NA,NA,NA,NA,TRUE
NegCtrl,NegCtrl,NegCtrl,NegCtrl,NegCtrl,NegCtrl,NegCtrl,NegCtrl,NegCtrl,NegCtrl,NA,NA,PCR.neg.r4,NegCtrl,NegCtrl,NegCtrl,NegCtrl,NA,NegCtrl,NegCtrl,Control.Sample,NA,NA,Blank,Blank,Blank,NA,NA,NA,NA,NA,TRUE
-73.79998,-112.66742,34.17,-1.14,299.97,35.58,2.61,0.02,0.22,5.96,42.9,NA,STN115.300.fil.dura.r1,300,STN115,Intermediate,Mid-Bottom,WW-CDW,Open_polynya,Open_polynya,True.Sample,NA,1,NA,NA,NA,NA,NA,NA,NA,NA,FALSE
-73.79998,-112.66742,34.17,-1.14,299.97,35.58,2.61,0.02,0.22,5.96,42.9,NA,STN115.300.fil.dura.r2,300,STN115,Intermediate,Mid-Bottom,WW-CDW,Open_polynya,Open_polynya,True.Sample,NA,2,NA,NA,NA,NA,NA,NA,NA,NA,FALSE
-73.79998,-112.66742,34.03,-1.43,180,35.12,2.6,0.07,0.34,6.21,59.8,NA,STN115.180.pre.poly.3.S,180,STN115,Intermediate,Mid,WW,Open_polynya,Open_polynya,True.Sample,NA,NA,NA,NA,NA,NA,NA,NA,NA,NA,FALSE
-73.79998,-112.66742,34.03,-1.43,180.02,35.12,2.6,0.07,0.34,6.22,59.8,NA,STN115.180.fil.dura.r1,180,STN115,Intermediate,Mid,WW,Open_polynya,Open_polynya,True.Sample,NA,1,NA,NA,NA,NA,NA,NA,NA,NA,FALSE
-73.79998,-112.66742,34.02,-1.43,180.06,35.12,2.6,0.07,0.34,6.21,59.8,NA,STN115.180.fil.dura.r2,180,STN115,Intermediate,Mid,WW,Open_polynya,Open_polynya,True.Sample,NA,2,NA,NA,NA,NA,NA,NA,NA,NA,FALSE
-73.79998,-112.66742,33.94,-1.32,124.55,34.67,2.55,0.05,0.52,5.98,46.3,NA,STN115.125.pre.poly.3.S,125,STN115,Intermediate,Mid-Surface,WW-CDW,Open_polynya,Open_polynya,True.Sample,NA,NA,NA,NA,NA,NA,NA,NA,NA,NA,FALSE
-73.79998,-112.66742,33.94,-1.32,124.56,34.67,2.55,0.05,0.52,5.92,46.3,NA,STN115.125.fil.dura.r1,125,STN115,Intermediate,Mid-Surface,WW-CDW,Open_polynya,Open_polynya,True.Sample,NA,1,NA,NA,NA,NA,NA,NA,NA,NA,FALSE
-73.79998,-112.66742,33.94,-1.32,124.58,34.67,2.55,0.05,0.52,5.91,46.3,NA,STN115.125.fil.dura.r2,125,STN115,Intermediate,Mid-Surface,WW-CDW,Open_polynya,Open_polynya,True.Sample,NA,2,NA,NA,NA,NA,NA,NA,NA,NA,FALSE
-73.79998,-112.66742,33.81,-0.99,34.94,22.98,1.92,0.06,0.59,8.27,47.6,NA,STN115.35.pre.poly.3.S,35,STN115,Surface,Surface,AASW,Open_polynya,Open_polynya,True.Sample,NA,NA,Open_polynya_surf,NA,NA,NA,NA,NA,NA,NA,FALSE
-73.79998,-112.66742,33.81,-0.86,34.95,22.98,1.92,0.06,0.59,8.27,47.6,NA,STN115.35.fil.dura.r1,35,STN115,Surface,Surface,AASW,Open_polynya,Open_polynya,True.Sample,NA,1,Open_polynya_surf,NA,NA,NA,NA,NA,NA,NA,FALSE
-73.79998,-112.66742,33.81,-0.86,34.95,22.98,1.92,0.06,0.59,8.27,47.6,NA,STN115.35.fil.dura.r2,35,STN115,Surface,Surface,AASW,Open_polynya,Open_polynya,True.Sample,NA,2,Open_polynya_surf,NA,NA,NA,NA,NA,NA,NA,FALSE
Blank,Blank,Blank,Blank,Blank,Blank,Blank,Blank,Blank,Blank,NA,NA,KITBL.r15,Blank,Blank,Blank,Blank,NA,Blank,Blank,Control.Sample,NA,NA,Blank,Blank,Blank,NA,NA,NA,NA,NA,TRUE
-74.20042,-110.90034,34.09,-1.27,505.44,32.19,2.19,0.01,0.21,6.02,49.4,0.526,STN132.505.pre.poly.3.S,505,STN132,Bottom_water,Bottom,WW-CDW,Coastal_current,Eastern_CC,True.Sample,High,NA,NA,NA,NA,NA,NA,NA,NA,NA,FALSE
-74.20042,-110.90036,34.09,-1.27,505.42,32.19,2.19,0.01,0.21,6.03,49.4,0.526,STN132.505.fil.dura.r1,505,STN132,Bottom_water,Bottom,WW-CDW,Coastal_current,Eastern_CC,True.Sample,High,1,NA,NA,NA,NA,NA,NA,NA,NA,FALSE
-74.20042,-110.90038,34.09,-1.27,505.42,32.19,2.19,0.01,0.21,6.03,49.4,0.526,STN132.505.fil.dura.r2,505,STN132,Bottom_water,Bottom,WW-CDW,Coastal_current,Eastern_CC,True.Sample,High,2,NA,NA,NA,NA,NA,NA,NA,NA,FALSE
-74.20042,-110.9004,34.06,-1.31,304.64,32.12,2.17,0.02,0.09,5.97,41.8,0.532,STN132.305.pre.poly.3.S,305,STN132,Intermediate,Mid-Bottom,WW-CDW,Coastal_current,Eastern_CC,True.Sample,High,NA,NA,NA,NA,NA,NA,NA,NA,NA,FALSE
-74.20042,-110.90042,34.06,-1.31,304.67,32.12,2.17,0.02,0.09,5.98,41.8,0.532,STN132.305.fil.dura.r1,305,STN132,Intermediate,Mid-Bottom,WW-CDW,Coastal_current,Eastern_CC,True.Sample,High,1,NA,NA,NA,NA,NA,NA,NA,NA,FALSE
-74.20042,-110.90044,34.06,-1.31,304.67,32.12,2.17,0.02,0.09,5.98,41.8,0.532,STN132.305.fil.dura.r2,305,STN132,Intermediate,Mid-Bottom,WW-CDW,Coastal_current,Eastern_CC,True.Sample,High,2,NA,NA,NA,NA,NA,NA,NA,NA,FALSE
-74.20042,-110.90046,34,-1.24,200.2,32.23,2.17,0.02,0.14,5.64,42.6,0.594,STN132.200.pre.poly.3.S,200,STN132,Intermediate,Mid,WW-CDW,Coastal_current,Eastern_CC,True.Sample,High,NA,Eastern_CC,NA,NA,transect3,2,NA,NA,NA,FALSE
-74.20042,-110.90048,34,-1.23,200.2,32.23,2.17,0.02,0.14,5.66,42.6,0.594,STN132.200.fil.steri.r1,200,STN132,Intermediate,Mid,WW-CDW,Coastal_current,Eastern_CC,True.Sample,High,1,Eastern_CC,NA,NA,transect3,2,NA,NA,NA,FALSE
-74.20042,-110.9005,34,-1.23,200.2,32.23,2.17,0.02,0.14,5.66,42.6,0.594,STN132.200.fil.dura.r2,200,STN132,Intermediate,Mid,WW-CDW,Coastal_current,Eastern_CC,True.Sample,High,2,Eastern_CC,NA,NA,transect3,2,NA,NA,NA,FALSE
-74.20042,-110.90052,33.91,-1.36,99.98,32.15,2.19,0.01,0.24,5.61,46.6,0.55,STN132.100.pre.poly.3.S,100,STN132,Intermediate,Mid-Surface,WW-CDW,Coastal_current,Eastern_CC,True.Sample,High,NA,Eastern_CC,NA,NA,transect3,2,NA,NA,NA,FALSE
-74.20042,-110.90054,33.9,-1.36,100.02,32.15,2.19,0.01,0.24,5.63,46.6,0.55,STN132.100.fil.steri.r1,100,STN132,Intermediate,Mid-Surface,WW-CDW,Coastal_current,Eastern_CC,True.Sample,High,1,Eastern_CC,NA,NA,transect3,2,NA,NA,NA,FALSE
-74.20042,-110.90056,33.89,-1.37,99.99,32.15,2.19,0.01,0.24,5.63,46.6,0.55,STN132.100.fil.steri.r2,100,STN132,Intermediate,Mid-Surface,WW-CDW,Coastal_current,Eastern_CC,True.Sample,High,2,Eastern_CC,NA,NA,transect3,2,NA,NA,NA,FALSE
-74.20042,-110.90058,33.82,-1.43,30.22,31.56,2.12,0.02,0.2,6.23,48.8,0.452,STN132.30.pre.poly.3.S,30,STN132,Surface,Surface,AASW-WW,Coastal_current,Eastern_CC,True.Sample,Low,NA,Eastern_CC,NA,NA,transect3,2,NA,NA,NA,FALSE
-74.20042,-110.9006,33.82,-1.43,30.23,31.56,2.12,0.02,0.2,6.23,48.8,0.452,STN132.30.fil.steri.r1,30,STN132,Surface,Surface,AASW-WW,Coastal_current,Eastern_CC,True.Sample,Low,1,Eastern_CC,NA,NA,transect3,2,NA,NA,NA,FALSE
-74.20042,-110.90062,33.82,-1.43,30.23,31.56,2.12,0.02,0.2,6.23,48.8,0.452,STN132.30.fil.steri.r2,30,STN132,Surface,Surface,AASW-WW,Coastal_current,Eastern_CC,True.Sample,Low,2,Eastern_CC,NA,NA,transect3,2,NA,NA,NA,FALSE
Blank,Blank,Blank,Blank,Blank,Blank,Blank,Blank,Blank,Blank,NA,NA,KITBL.r2,Blank,Blank,Blank,Blank,NA,Blank,Blank,Control.Sample,NA,NA,Blank,Blank,Blank,NA,NA,NA,NA,NA,TRUE
-73.86234,-114.01636,34.1,-0.85,268.47,32.84,2.25,0.03,0.33,5.29,43.1,NA,STN146.268.pre.poly.3.S,268,STN146,Bottom_water,Bottom,WW-CDW,Outflow,Western_CC,True.Sample,NA,NA,NA,NA,NA,NA,NA,transect2,3,NA,FALSE
-73.86234,-114.01636,34.1,-0.84,267.99,32.84,2.25,0.03,0.33,5.28,43.1,NA,STN146.268.fil.steri.r1,268,STN146,Bottom_water,Bottom,WW-CDW,Outflow,Western_CC,True.Sample,NA,1,NA,NA,NA,NA,NA,transect2,3,NA,FALSE
-73.86234,-114.01636,34.1,-0.84,267.99,32.84,2.25,0.03,0.33,5.28,43.1,NA,STN146.268.fil.steri.r2,268,STN146,Bottom_water,Bottom,WW-CDW,Outflow,Western_CC,True.Sample,NA,2,NA,NA,NA,NA,NA,transect2,3,NA,FALSE
-73.86234,-114.01636,34.1,-0.85,250.06,31.95,2.19,0.04,0.17,5.3,43.2,NA,STN146.250.pre.poly.3.S,250,STN146,Intermediate,Mid-Bottom,WW-CDW,Outflow,Western_CC,True.Sample,NA,NA,Eastern_CC,NA,NA,NA,NA,transect2,3,NA,FALSE
-73.86234,-114.01636,34.1,-0.86,250.08,31.95,2.19,0.04,0.17,5.29,43.2,NA,STN146.250.fil.poly.S.r1,250,STN146,Intermediate,Mid-Bottom,WW-CDW,Outflow,Western_CC,True.Sample,NA,1,Eastern_CC,NA,NA,NA,NA,transect2,3,NA,FALSE
Blank,Blank,Blank,Blank,Blank,Blank,Blank,Blank,Blank,Blank,NA,NA,KITBL.r6,Blank,Blank,Blank,Blank,NA,Blank,Blank,Control.Sample,NA,NA,Blank,Blank,Blank,NA,NA,NA,NA,NA,TRUE
-73.86234,-114.01636,34.02,-1.08,200.52,32.34,2.22,0.05,0.5,5.49,48.9,NA,STN146.201.pre.poly.3.S,201,STN146,Intermediate,Mid,WW-CDW,Outflow,Western_CC,True.Sample,NA,NA,Eastern_CC,NA,NA,transect3,9,transect2,3,NA,FALSE
-73.86234,-114.01636,34.02,-1.09,200.5,32.34,2.22,0.05,0.5,5.51,48.9,NA,STN146.201.fil.steri.r1,201,STN146,Intermediate,Mid,WW-CDW,Outflow,Western_CC,True.Sample,NA,1,Eastern_CC,NA,NA,transect3,9,transect2,3,NA,FALSE
-73.86234,-114.01636,34.02,-1.09,200.47,32.34,2.22,0.05,0.5,5.52,62.1,NA,STN146.201.fil.steri.r2,201,STN146,Intermediate,Mid,WW-CDW,Outflow,Western_CC,True.Sample,NA,2,Eastern_CC,NA,NA,transect3,9,transect2,3,NA,FALSE
-73.86234,-114.01636,33.94,-1.17,159.91,30.3,2.13,0.05,0.63,5.97,62.1,NA,STN146.160.pre.poly.3.S,160,STN146,Intermediate,Mid-Surface,WW-CDW,Outflow,Western_CC,True.Sample,NA,NA,Eastern_CC,NA,NA,transect3,9,transect2,3,NA,FALSE
-73.86234,-114.01636,33.94,-1.17,159.89,30.3,2.13,0.05,0.63,6.01,62.1,NA,STN146.160.fil.poly.S.r1,160,STN146,Intermediate,Mid-Surface,WW-CDW,Outflow,Western_CC,True.Sample,NA,1,Eastern_CC,NA,NA,transect3,9,transect2,3,NA,FALSE
-73.86234,-114.01636,33.77,-0.98,30.12,18.47,1.54,0.07,0.51,8.55,59.9,NA,STN146.30.pre.poly.3.S,30,STN146,Surface,Surface,WW-CDW,Outflow,Western_CC,True.Sample,NA,NA,Eastern_CC,NA,NA,transect3,9,transect2,3,NA,FALSE
-73.86234,-114.01636,33.77,-0.98,30.12,18.47,1.54,0.07,0.51,8.55,59.9,NA,STN146.30.fil.steri.r1,30,STN146,Surface,Surface,AASW,Outflow,Western_CC,True.Sample,NA,1,Eastern_CC,NA,NA,transect3,9,transect2,3,NA,FALSE
-73.86234,-114.01636,33.76,-0.98,30.07,18.47,1.54,0.07,0.51,8.58,59.9,NA,STN146.30.fil.steri.r2,30,STN146,Surface,Surface,AASW,Outflow,Western_CC,True.Sample,NA,2,Eastern_CC,NA,NA,transect3,9,transect2,3,NA,FALSE
Blank,Blank,Blank,Blank,Blank,Blank,Blank,Blank,Blank,Blank,NA,NA,KITBL.r16,Blank,Blank,Blank,Blank,NA,Blank,Blank,Control.Sample,NA,NA,NA,NA,NA,NA,NA,NA,NA,NA,TRUE
-73.92156,-118.838,34.39,0,548.28,33.15,2.27,0.02,0.03,5,38.3,0.801,STN153.548.pre.poly.3.S,548,STN153,Bottom_water,Bottom,WW-CDW,Coastal_current,Getz,True.Sample,High,NA,NA,NA,NA,NA,NA,transect4,1,NA,FALSE
-73.92156,-118.838,34.39,0,548.23,33.15,2.27,0.02,0.03,4.96,38.3,0.801,STN153.548.fil.poly.L.r1,548,STN153,Bottom_water,Bottom,WW-CDW,Coastal_current,Getz,True.Sample,High,1,NA,NA,NA,NA,NA,transect4,1,NA,FALSE
-73.92156,-118.838,34.06,-1.69,299.83,33.15,2.27,0.02,0.03,6.3,NA,0.279,STN153.300.fil.poly.L.r1,300,STN153,Intermediate,Mid-Bottom,WW,Coastal_current,Getz,True.Sample,Low,1,NA,NA,NA,NA,NA,NA,NA,NA,FALSE
-73.92156,-118.838,34.01,-1.41,199.86,32.36,2.23,0.04,0.15,5.72,NA,0.42,STN153.200.fil.poly.L.r1,200,STN153,Intermediate,Mid,WW,Coastal_current,Getz,True.Sample,Low,1,Getz_CC,NA,NA,NA,NA,NA,NA,NA,FALSE
-73.92156,-118.838,33.97,-1.37,160.02,31.63,2.17,0.02,0.13,5.8,38.3,0.378,STN153.160.pre.poly.3.S,160,STN153,Intermediate,Mid-Surface,WW-CDW,Coastal_current,Getz,True.Sample,Low,NA,Getz_CC,NA,NA,NA,NA,NA,NA,NA,FALSE
-73.92156,-118.838,33.97,-1.37,160,31.63,2.17,0.02,0.13,5.78,46.2,0.378,STN153.160.fil.poly.S.r1,160,STN153,Intermediate,Mid-Surface,WW-CDW,Coastal_current,Getz,True.Sample,Low,1,Getz_CC,NA,NA,NA,NA,NA,NA,NA,FALSE
-73.92156,-118.838,33.93,-1.26,120.21,31.63,2.17,0.02,0.13,6.31,43.9,0.378,STN153.120.fil.poly.S.r1,160,STN153,Intermediate,Mid-Surface,WW-CDW,Coastal_current,Getz,True.Sample,Low,1,Getz_CC,NA,NA,NA,NA,NA,NA,NA,FALSE
-73.92156,-118.838,33.76,-0.33,1.94,10.97,1.13,0.1,0.64,9.1,51.7,0.262,STN153.2.pre.poly.3.S,2,STN153,Surface,Surface,AASW,Coastal_current,Getz,True.Sample,Low,NA,Getz_CC,NA,NA,NA,NA,NA,NA,NA,FALSE
-73.92156,-118.838,33.76,-0.33,2.02,10.97,1.13,0.1,0.64,9.11,51.7,0.262,STN153.2.fil.poly.S,2,STN153,Surface,Surface,AASW,Coastal_current,Getz,True.Sample,Low,1,Getz_CC,NA,NA,NA,NA,NA,NA,NA,FALSE
-73.80034,-112.66694,34.56,0.53,731.54,36.47,2.68,0.02,0.23,4.61,43.8,NA,STN12.3.732.pre.poly.3.S,732,STN12.3,Bottom_water,Bottom,CDW,Open_polynya,Open_polynya,True.Sample,NA,NA,NA,NA,NA,NA,NA,transect1,4,NA,FALSE
-73.80034,-112.66694,34.56,0.53,731.47,36.47,2.68,0.02,0.23,4.61,43.8,NA,STN12.3.732.fil.poly.S.r1,731,STN12.3,Bottom_water,Bottom,CDW,Open_polynya,Open_polynya,True.Sample,NA,1,NA,NA,NA,NA,NA,transect1,4,NA,FALSE
-73.80074,-112.66718,34.16,-1.14,300.09,35.33,2.58,0.03,0.29,5.85,46,NA,STN12.3.300.pre.poly.3.S,300,STN12.3,Intermediate,Mid,WW-CDW,Open_polynya,Open_polynya,True.Sample,NA,NA,NA,NA,NA,NA,NA,NA,NA,NA,FALSE
-73.80074,-112.66724,34.16,-1.13,300.1,35.33,2.58,0.03,0.29,5.85,46,NA,STN12.3.300.fil.poly.S.r1,300,STN12.3,Intermediate,Mid,WW-CDW,Open_polynya,Open_polynya,True.Sample,NA,1,NA,NA,NA,NA,NA,NA,NA,NA,FALSE
-73.80082,-112.66734,34.01,-1.45,164.92,34.08,2.52,0.07,0.67,6.19,39.7,NA,STN12.3.165.pre.poly.3.S,165,STN12.3,Intermediate,Mid-Surface,WW,Open_polynya,Open_polynya,True.Sample,NA,NA,NA,NA,NA,NA,NA,NA,NA,NA,FALSE
-73.80082,-112.66734,34.01,-1.44,164.9,34.08,2.52,0.07,0.67,6.2,39.7,NA,STN12.3.165.fil.poly.S.r1,165,STN12.3,Intermediate,Mid-Surface,WW,Open_polynya,Open_polynya,True.Sample,NA,1,NA,NA,NA,NA,NA,NA,NA,NA,FALSE
-73.80034,-112.66694,33.77,-0.86,14.81,17.73,1.6,0.07,0.73,8.71,51.2,NA,STN12.3.15.pre.poly.3.S,15,STN12.3,Surface,Surface,AASW,Open_polynya,Open_polynya,True.Sample,NA,NA,Open_polynya_surf,NA,NA,NA,NA,NA,NA,NA,FALSE
-73.8008,-112.6673,33.77,-0.87,14.83,17.73,1.6,0.07,0.73,8.74,51.2,NA,STN12.3.15.fil.poly.S.r1,15,STN12.3,Surface,Surface,AASW,Open_polynya,Open_polynya,True.Sample,NA,1,Open_polynya_surf,NA,NA,NA,NA,NA,NA,NA,FALSE
Blank,Blank,Blank,Blank,Blank,Blank,Blank,Blank,Blank,Blank,NA,NA,KITBL.r17,Blank,Blank,Blank,Blank,NA,Blank,Blank,Control.Sample,NA,NA,Blank,Blank,Blank,NA,NA,NA,NA,NA,TRUE
-73.88074,-118.73942,34.51,0.42,673.33,33.47,2.26,0.01,0.26,4.75,43.6,NA,STN151.2.673.pre.poly.3.S,673,STN151.2,Bottom_water,Bottom,CDW,Coastal_current,Getz,True.Sample,NA,NA,NA,NA,NA,NA,NA,transect4,2,NA,FALSE
PosCtrl,PosCtrl,PosCtrl,PosCtrl,PosCtrl,PosCtrl,PosCtrl,PosCtrl,PosCtrl,PosCtrl,NA,NA,PCR.pos.r5,PosCtrl,PosCtrl,PosCtrl,PosCtrl,NA,PosCtrl,PosCtrl,Control.Sample,NA,NA,Blank,Blank,Blank,NA,NA,NA,NA,NA,TRUE
NegCtrl,NegCtrl,NegCtrl,NegCtrl,NegCtrl,NegCtrl,NegCtrl,NegCtrl,NegCtrl,NegCtrl,NA,NA,PCR.neg.r5,NegCtrl,NegCtrl,NegCtrl,NegCtrl,NA,NegCtrl,NegCtrl,Control.Sample,NA,NA,Blank,Blank,Blank,NA,NA,NA,NA,NA,TRUE
-73.88074,-118.73941,34.51,0.42,673.39,33.47,2.26,0.01,0.26,4.73,43.6,NA,STN151.2.673.fil.poly.S.r1,673,STN151.2,Bottom_water,Bottom,CDW,Coastal_current,Getz,True.Sample,NA,1,NA,NA,NA,NA,NA,transect4,2,NA,FALSE
-73.88072,-118.73942,34.49,0.32,599.98,33.53,2.28,0.01,0.16,4.77,NA,NA,STN151.2.600.pre.poly.3.S,600,STN151.2,Bottom_water,Bottom,CDW,Coastal_current,Getz,True.Sample,NA,NA,NA,NA,NA,NA,NA,NA,NA,NA,FALSE
-73.88072,-118.73942,34.49,0.32,600.03,33.53,2.28,0.01,0.16,4.79,NA,NA,STN151.2.600.fil.poly.S.r1,600,STN151.2,Bottom_water,Bottom,CDW,Coastal_current,Getz,True.Sample,NA,1,NA,NA,NA,NA,NA,NA,NA,NA,FALSE
-73.88074,-118.73942,34.31,-0.3,499.65,33.2,2.28,0.01,0.13,5.1,42.2,NA,STN151.2.500.pre.poly.3.S,500,STN151.2,Intermediate,Mid-Bottom,WW-CDW,Coastal_current,Getz,True.Sample,NA,NA,NA,NA,NA,NA,NA,NA,NA,NA,FALSE
-73.88074,-118.73942,34.31,-0.3,499.74,33.2,2.28,0.01,0.13,5.1,42.2,NA,STN151.2.500.fil.poly.S.r1,500,STN151.2,Intermediate,Mid-Bottom,WW-CDW,Coastal_current,Getz,True.Sample,NA,1,NA,NA,NA,NA,NA,NA,NA,NA,FALSE
Blank,Blank,Blank,Blank,Blank,Blank,Blank,Blank,Blank,Blank,NA,NA,KITBL.r18,Blank,Blank,Blank,Blank,NA,Blank,Blank,Control.Sample,NA,NA,Blank,Blank,Blank,NA,NA,NA,NA,NA,TRUE
-73.73166,-116.85366,34.46,0.13,620.2,33.12,2.29,0.04,0.28,4.85,44.7,0.871,STN174.620.pre.poly.3.S,620,STN174,Bottom_water,Bottom,CDW,Open_polynya,Open_polynya,True.Sample,High,NA,NA,NA,NA,NA,NA,transect4,3,NA,FALSE
-73.73166,-116.85366,34.46,0.13,620.27,33.12,2.29,0.04,0.28,4.84,44.7,0.871,STN174.620.fil.poly.S.r1,620,STN174,Bottom_water,Bottom,CDW,Open_polynya,Open_polynya,True.Sample,High,1,NA,NA,NA,NA,NA,transect4,3,NA,FALSE
-73.73226,-116.85366,34.38,-0.24,549.91,33.26,2.3,0.05,0.16,5.04,54,0.749,STN174.550.pre.poly.3.S,550,STN174,Bottom_water,Mid-Bottom,WW-CDW,Open_polynya,Open_polynya,True.Sample,High,NA,NA,NA,NA,NA,NA,NA,NA,NA,FALSE
-73.73226,-116.85366,34.38,-0.24,550.04,33.26,2.3,0.05,0.16,5.04,54,0.749,STN174.550.fil.poly.S.r1,550,STN174,Bottom_water,Mid-Bottom,WW-CDW,Open_polynya,Open_polynya,True.Sample,High,1,NA,NA,NA,NA,NA,NA,NA,NA,FALSE
-73.73258,-116.85276,34.11,-1.77,279.71,31.46,2.2,0.17,0.5,6.49,NA,0.333,STN174.280.pre.poly.3.S,280,STN174,Intermediate,Mid,WW,Open_polynya,Open_polynya,True.Sample,Low,NA,NA,NA,NA,NA,NA,NA,NA,NA,FALSE
-73.73258,-116.85276,34.11,-1.77,279.85,31.46,2.2,0.17,0.5,6.49,NA,0.333,STN174.280.fil.poly.S.r1,280,STN174,Intermediate,Mid,WW,Open_polynya,Open_polynya,True.Sample,Low,1,NA,NA,NA,NA,NA,NA,NA,NA,FALSE
-73.73252,-116.85274,33.71,0.01,2.91,3.84,0.68,0.07,0.34,8.65,64.7,0.11,STN174.3.pre.poly.3.S,3,STN174,Surface,Surface,AASW,Open_polynya,Open_polynya,True.Sample,Low,NA,NA,NA,NA,NA,NA,NA,NA,NA,FALSE
-73.73252,-116.85274,33.71,0.01,2.89,3.84,0.68,0.07,0.34,8.65,64.7,0.11,STN174.3.fil.poly.S.r1,3,STN174,Surface,Surface,AASW,Open_polynya,Open_polynya,True.Sample,Low,1,NA,NA,NA,NA,NA,NA,NA,NA,FALSE
-73.42308,-114.21052,34.57,0.57,757.39,33.6,2.31,0.04,0.31,4.53,NA,NA,STN181.757.pre.poly.3.S,757,STN181,Bottom_water,Bottom,CDW,Open_polynya,Open_polynya,True.Sample,NA,NA,NA,NA,NA,NA,NA,transect4,4,NA,FALSE
-73.42308,-114.21052,34.57,0.57,757.39,33.6,2.31,0.04,0.31,4.53,NA,NA,STN181.757.fil.poly.S.r1,757,STN181,Bottom_water,Bottom,CDW,Open_polynya,Open_polynya,True.Sample,NA,1,NA,NA,NA,NA,NA,transect4,4,NA,FALSE
-73.42308,-114.21052,34.11,-1.69,340.18,31.78,2.18,0.16,0.51,6.49,NA,NA,STN181.340.pre.poly.3.S,340,STN181,Intermediate,Mid,WW,Open_polynya,Open_polynya,True.Sample,NA,NA,NA,NA,NA,NA,NA,NA,NA,NA,FALSE
-73.42308,-114.21052,34.11,-1.69,340.22,31.78,2.18,0.16,0.51,6.53,NA,NA,STN181.340.fil.poly.S.r1,340,STN181,Intermediate,Mid,WW,Open_polynya,Open_polynya,True.Sample,NA,1,NA,NA,NA,NA,NA,NA,NA,NA,FALSE
-73.42308,-114.21054,33.75,-1.26,2.38,18.89,1.51,0.08,0.36,8.73,NA,NA,STN181.2.pre.poly.3.S,2,STN181,Surface,Surface,AASW-WW,Open_polynya,Open_polynya,True.Sample,NA,NA,Open_polynya_surf,NA,NA,NA,NA,NA,NA,NA,FALSE
-73.42308,-114.21054,33.75,-1.27,2.35,18.89,1.51,0.08,0.36,8.72,NA,NA,STN181.2.fil.poly.S.r1,2,STN181,Surface,Surface,AASW-WW,Open_polynya,Open_polynya,True.Sample,NA,1,Open_polynya_surf,NA,NA,NA,NA,NA,NA,NA,FALSE
-71.99998,-119.39896,33.29,-1.11,19.97,13.57,1.19,0.09,2.07,8.36,58.2,0.163,STN198.20.pre.poly.3.S,20,STN198,Surface,Surface,AASW,Open_polynya,Cont_Shelf,True.Sample,Low,NA,Cont_Shelf,NA,NA,NA,NA,NA,NA,NA,FALSE
-71.99998,-119.39897,34.71,0.58,1486.56,33.57,2.27,0.02,0.19,4.69,43.7,0.576,STN198.1487.pre.poly.3.S,1487,STN198,Bottom_water,Bottom,CDW,Open_polynya,Cont_Shelf,True.Sample,High,NA,Cont_Shelf,NA,NA,NA,NA,NA,NA,NA,FALSE
-71.99998,-119.39897,34.71,0.57,1486.48,33.57,2.27,0.02,0.19,4.69,43.7,0.576,STN198.1487.fil.poly.LG.r2,1487,STN198,Bottom_water,Bottom,CDW,Open_polynya,Cont_Shelf,True.Sample,High,1,Cont_Shelf,NA,NA,NA,NA,NA,NA,NA,FALSE
-71.99998,-119.39897,34.72,1.19,750.45,33.24,2.21,0.01,0.12,4.45,NA,0.357,STN198.750.fil.poly.LG.r1,750,STN198,Bottom_water,Mid-Bottom,CDW,Open_polynya,Cont_Shelf,True.Sample,Low,1,Cont_Shelf,NA,NA,NA,NA,NA,NA,NA,FALSE
-71.99998,-119.39898,34.71,1.65,375.51,33.49,2.26,0.02,0.16,4.17,44,0.441,STN198.376.pre.poly.3.S,376,STN198,Intermediate,Mid-Bottom,CDW,Open_polynya,Cont_Shelf,True.Sample,Low,NA,Cont_Shelf,NA,NA,NA,NA,transect1,1,NA,FALSE
-71.99998,-119.39897,34.71,1.65,375.54,33.49,2.26,0.02,0.16,4.17,44,0.441,STN198.376.fil.poly.S.r2,376,STN198,Intermediate,Mid-Bottom,CDW,Open_polynya,Cont_Shelf,True.Sample,Low,1,Cont_Shelf,NA,NA,NA,NA,transect1,1,NA,FALSE
-71.99998,-119.39898,34.56,0.88,300.18,33.9,2.3,0.05,0.15,4.5,NA,0.311,STN198.300.pre.poly.3.S,300,STN198,Intermediate,Mid,CDW,Open_polynya,Cont_Shelf,True.Sample,Low,NA,Cont_Shelf,NA,NA,NA,NA,transect1,1,NA,FALSE
-71.99998,-119.39898,34.55,0.9,300.09,33.9,2.3,0.05,0.15,4.5,NA,0.311,STN198.300.fil.poly.S.r1,300,STN198,Intermediate,Mid,CDW,Open_polynya,Cont_Shelf,True.Sample,Low,1,Cont_Shelf,NA,NA,NA,NA,transect1,1,NA,FALSE
-71.99997,-119.39898,34.12,-1.69,149.86,31.63,2.17,0.07,0.3,6.42,NA,0.246,STN198.150.pre.poly.3.LG,150,STN198,Intermediate,Mid-Surface,WW,Open_polynya,Cont_Shelf,True.Sample,Low,NA,Cont_Shelf,NA,NA,NA,NA,NA,NA,NA,FALSE
-71.99997,-119.39898,34.12,-1.69,149.86,31.63,2.17,0.07,0.3,6.43,NA,0.246,STN198.150.fil.poly.LG.r1,150,STN198,Intermediate,Mid-Surface,WW,Open_polynya,Cont_Shelf,True.Sample,Low,1,Cont_Shelf,NA,NA,NA,NA,NA,NA,NA,FALSE
PosCtrl,PosCtrl,PosCtrl,PosCtrl,PosCtrl,PosCtrl,PosCtrl,PosCtrl,PosCtrl,PosCtrl,NA,NA,PCR.pos.r6,PosCtrl,PosCtrl,PosCtrl,PosCtrl,NA,PosCtrl,PosCtrl,Control.Sample,NA,NA,Blank,Blank,Blank,NA,NA,NA,NA,NA,TRUE
NegCtrl,NegCtrl,NegCtrl,NegCtrl,NegCtrl,NegCtrl,NegCtrl,NegCtrl,NegCtrl,NegCtrl,NA,NA,PCR.neg.r6,NegCtrl,NegCtrl,NegCtrl,NegCtrl,NA,NegCtrl,NegCtrl,Control.Sample,NA,NA,Blank,Blank,Blank,NA,NA,NA,NA,NA,TRUE